StudyID,Event Name,Standard POCT done?,Was DBS Test done,Date DBS-POCT test done (D-M-Y),Date of DBS-POCT results (D-M-Y), DBS-POCT Results
101,Event 1 (Arm 1: Arm 1_Guardians),No,Yes,4/5/2024,4/8/2024,AA
102,Event 1 (Arm 1: Arm 1_Guardians),No,Yes,4/5/2024,4/8/2024,AS
103,Event 1 (Arm 1: Arm 1_Guardians),No,Yes,4/5/2024,4/8/2024,AA
104,Event 1 (Arm 1: Arm 1_Guardians),No,Yes,4/5/2024,4/8/2024,AA
105,Event 1 (Arm 1: Arm 1_Guardians),No,Yes,4/5/2024,4/8/2024,AA
106,Event 1 (Arm 1: Arm 1_Guardians),No,Yes,4/5/2024,4/8/2024,AA
107,Event 1 (Arm 1: Arm 1_Guardians),No,Yes,4/5/2024,4/8/2024,AA
108,Event 1 (Arm 1: Arm 1_Guardians),No,Yes,4/5/2024,4/8/2024,AS
109,Event 1 (Arm 1: Arm 1_Guardians),No,Yes,5/3/2024,5/10/2024,AA
110,Event 1 (Arm 1: Arm 1_Guardians),No,Yes,5/3/2024,5/10/2024,AA
111,Event 1 (Arm 1: Arm 1_Guardians),No,Yes,5/3/2024,5/10/2024,AA
114,Event 1 (Arm 1: Arm 1_Guardians),No,Yes,5/24/2024,5/27/2024,AA
115,Event 1 (Arm 1: Arm 1_Guardians),No,Yes,5/24/2024,5/27/2024,AA
116,Event 1 (Arm 1: Arm 1_Guardians),No,Yes,5/24/2024,5/27/2024,AA
117,Event 1 (Arm 1: Arm 1_Guardians),No,Yes,5/24/2024,5/27/2024,AA
118,Event 1 (Arm 1: Arm 1_Guardians),No,Yes,5/27/2024,5/28/2024,AA
119,Event 1 (Arm 1: Arm 1_Guardians),No,Yes,5/27/2024,5/28/2024,AA
120,Event 1 (Arm 1: Arm 1_Guardians),No,Yes,5/27/2024,5/28/2024,AA
121,Event 1 (Arm 1: Arm 1_Guardians),No,Yes,5/27/2024,5/28/2024,AA
122,Event 1 (Arm 1: Arm 1_Guardians),No,Yes,5/27/2024,5/28/2024,AA
123,Event 1 (Arm 1: Arm 1_Guardians),No,Yes,5/27/2024,5/28/2024,AA
124,Event 1 (Arm 1: Arm 1_Guardians),No,Yes,5/27/2024,5/28/2024,AA
125,Event 1 (Arm 1: Arm 1_Guardians),No,Yes,5/27/2024,5/28/2024,AA
126,Event 1 (Arm 1: Arm 1_Guardians),No,Yes,5/27/2024,5/28/2024,AA
127,Event 1 (Arm 1: Arm 1_Guardians),No,Yes,5/27/2024,5/28/2024,AA
128,Event 1 (Arm 1: Arm 1_Guardians),No,Yes,5/28/2024,5/29/2024,AA
129,Event 1 (Arm 1: Arm 1_Guardians),No,Yes,5/28/2024,5/29/2024,AA
130,Event 1 (Arm 1: Arm 1_Guardians),No,Yes,5/28/2024,5/29/2024,AA
131,Event 1 (Arm 1: Arm 1_Guardians),No,Yes,5/28/2024,5/29/2024,AA
132,Event 1 (Arm 1: Arm 1_Guardians),No,Yes,5/28/2024,5/29/2024,AA
133,Event 1 (Arm 1: Arm 1_Guardians),No,Yes,5/28/2024,5/29/2024,AA
134,Event 1 (Arm 1: Arm 1_Guardians),No,Yes,5/28/2024,5/29/2024,AA
135,Event 1 (Arm 1: Arm 1_Guardians),No,Yes,5/28/2024,5/29/2024,AA
136,Event 1 (Arm 1: Arm 1_Guardians),No,Yes,5/28/2024,5/29/2024,AA
137,Event 1 (Arm 1: Arm 1_Guardians),No,Yes,5/29/2024,5/30/2024,AA
138,Event 1 (Arm 1: Arm 1_Guardians),No,Yes,5/29/2024,5/30/2024,AA
139,Event 1 (Arm 1: Arm 1_Guardians),No,Yes,5/29/2024,5/30/2024,AA
140,Event 1 (Arm 1: Arm 1_Guardians),No,Yes,5/29/2024,5/30/2024,AA
141,Event 1 (Arm 1: Arm 1_Guardians),No,Yes,5/29/2024,5/30/2024,AA
142,Event 1 (Arm 1: Arm 1_Guardians),No,Yes,5/29/2024,5/30/2024,AA
143,Event 1 (Arm 1: Arm 1_Guardians),No,Yes,5/29/2024,5/30/2024,AA
144,Event 1 (Arm 1: Arm 1_Guardians),No,Yes,5/29/2024,5/30/2024,AA
145,Event 1 (Arm 1: Arm 1_Guardians),No,Yes,5/29/2024,5/30/2024,AA
146,Event 1 (Arm 1: Arm 1_Guardians),No,Yes,5/30/2024,5/31/2024,AA
147,Event 1 (Arm 1: Arm 1_Guardians),No,Yes,5/30/2024,5/31/2024,AA
148,Event 1 (Arm 1: Arm 1_Guardians),No,Yes,5/30/2024,5/31/2024,AA
149,Event 1 (Arm 1: Arm 1_Guardians),No,Yes,5/30/2024,5/31/2024,AA
150,Event 1 (Arm 1: Arm 1_Guardians),No,Yes,5/30/2024,5/31/2024,AS
151,Event 1 (Arm 1: Arm 1_Guardians),No,Yes,5/30/2024,5/31/2024,AA
152,Event 1 (Arm 1: Arm 1_Guardians),No,Yes,5/30/2024,5/31/2024,AA
153,Event 1 (Arm 1: Arm 1_Guardians),No,Yes,5/30/2024,5/31/2024,AA
154,Event 1 (Arm 1: Arm 1_Guardians),No,Yes,5/30/2024,5/31/2024,AA
155,Event 1 (Arm 1: Arm 1_Guardians),No,Yes,5/30/2024,5/31/2024,AA
156,Event 1 (Arm 1: Arm 1_Guardians),No,Yes,5/30/2024,5/31/2024,AA
157,Event 1 (Arm 1: Arm 1_Guardians),No,Yes,5/30/2024,5/31/2024,AA
158,Event 1 (Arm 1: Arm 1_Guardians),No,Yes,6/4/2024,6/17/2024,AA
159,Event 1 (Arm 1: Arm 1_Guardians),No,Yes,6/4/2024,6/17/2024,AA
160,Event 1 (Arm 1: Arm 1_Guardians),No,Yes,6/4/2024,6/17/2024,AA
161,Event 1 (Arm 1: Arm 1_Guardians),No,Yes,6/4/2024,6/17/2024,AA
162,Event 1 (Arm 1: Arm 1_Guardians),No,Yes,6/4/2024,6/17/2024,AA
163,Event 1 (Arm 1: Arm 1_Guardians),No,Yes,6/4/2024,6/17/2024,AA
164,Event 1 (Arm 1: Arm 1_Guardians),No,Yes,6/4/2024,6/17/2024,AA
165,Event 1 (Arm 1: Arm 1_Guardians),No,Yes,6/4/2024,6/17/2024,AA
166,Event 1 (Arm 1: Arm 1_Guardians),No,Yes,6/4/2024,6/17/2024,AA
167,Event 1 (Arm 1: Arm 1_Guardians),No,Yes,6/4/2024,6/17/2024,AA
168,Event 1 (Arm 1: Arm 1_Guardians),No,Yes,6/7/2024,7/11/2024,AA
169,Event 1 (Arm 1: Arm 1_Guardians),No,Yes,6/7/2024,7/11/2024,AA
170,Event 1 (Arm 1: Arm 1_Guardians),No,Yes,6/7/2024,7/11/2024,AA
171,Event 1 (Arm 1: Arm 1_Guardians),No,Yes,6/7/2024,7/11/2024,AA
172,Event 1 (Arm 1: Arm 1_Guardians),No,Yes,6/7/2024,7/11/2024,AA
173,Event 1 (Arm 1: Arm 1_Guardians),No,Yes,6/7/2024,7/11/2024,AA
174,Event 1 (Arm 1: Arm 1_Guardians),No,Yes,6/7/2024,7/11/2024,AA
175,Event 1 (Arm 1: Arm 1_Guardians),No,Yes,6/7/2024,7/11/2024,AA
176,Event 1 (Arm 1: Arm 1_Guardians),No,Yes,6/7/2024,7/11/2024,AA
177,Event 1 (Arm 1: Arm 1_Guardians),No,Yes,6/17/2024,6/18/2024,AA
178,Event 1 (Arm 1: Arm 1_Guardians),No,Yes,6/17/2024,6/18/2024,AA
179,Event 1 (Arm 1: Arm 1_Guardians),No,Yes,6/17/2024,6/18/2024,AA
180,Event 1 (Arm 1: Arm 1_Guardians),No,Yes,6/17/2024,6/18/2024,AA
181,Event 1 (Arm 1: Arm 1_Guardians),No,Yes,6/17/2024,6/18/2024,AA
182,Event 1 (Arm 1: Arm 1_Guardians),No,Yes,6/17/2024,6/18/2024,AA
183,Event 1 (Arm 1: Arm 1_Guardians),No,Yes,6/17/2024,6/18/2024,AA
184,Event 1 (Arm 1: Arm 1_Guardians),No,Yes,6/17/2024,6/18/2024,AA
185,Event 1 (Arm 1: Arm 1_Guardians),No,Yes,6/11/2024,7/11/2024,AA
186,Event 1 (Arm 1: Arm 1_Guardians),No,Yes,6/11/2024,7/11/2024,AA
187,Event 1 (Arm 1: Arm 1_Guardians),No,Yes,6/11/2024,7/11/2024,AA
188,Event 1 (Arm 1: Arm 1_Guardians),No,Yes,6/11/2024,7/11/2024,AA
189,Event 1 (Arm 1: Arm 1_Guardians),No,Yes,6/11/2024,7/11/2024,AS
190,Event 1 (Arm 1: Arm 1_Guardians),No,Yes,6/11/2024,7/11/2024,AA
191,Event 1 (Arm 1: Arm 1_Guardians),No,Yes,6/11/2024,7/11/2024,AA
192,Event 1 (Arm 1: Arm 1_Guardians),No,Yes,6/11/2024,7/11/2024,AA
193,Event 1 (Arm 1: Arm 1_Guardians),No,Yes,6/11/2024,7/11/2024,AA
194,Event 1 (Arm 1: Arm 1_Guardians),No,Yes,6/12/2024,7/11/2024,AA
195,Event 1 (Arm 1: Arm 1_Guardians),No,Yes,6/12/2024,7/11/2024,AA
196,Event 1 (Arm 1: Arm 1_Guardians),No,Yes,6/12/2024,7/11/2024,AA
197,Event 1 (Arm 1: Arm 1_Guardians),No,Yes,6/12/2024,7/11/2024,AA
198,Event 1 (Arm 1: Arm 1_Guardians),No,Yes,6/17/2024,7/11/2024,AA
199,Event 1 (Arm 1: Arm 1_Guardians),No,Yes,6/17/2024,7/11/2024,AA
200,Event 1 (Arm 1: Arm 1_Guardians),No,Yes,6/17/2024,7/11/2024,AA
201,Event 1 (Arm 1: Arm 1_Guardians),No,Yes,6/17/2024,7/11/2024,AA
202,Event 1 (Arm 1: Arm 1_Guardians),No,Yes,6/17/2024,7/11/2024,AA
203,Event 1 (Arm 1: Arm 1_Guardians),No,Yes,6/17/2024,7/11/2024,AS
204,Event 1 (Arm 1: Arm 1_Guardians),No,Yes,6/17/2024,7/11/2024,AA
205,Event 1 (Arm 1: Arm 1_Guardians),No,Yes,6/17/2024,7/11/2024,AA
206,Event 1 (Arm 1: Arm 1_Guardians),No,Yes,6/17/2024,7/11/2024,AS
207,Event 1 (Arm 1: Arm 1_Guardians),No,Yes,6/17/2024,7/11/2024,AA
208,Event 1 (Arm 1: Arm 1_Guardians),No,Yes,6/19/2024,7/11/2024,AA
209,Event 1 (Arm 1: Arm 1_Guardians),No,Yes,6/19/2024,7/11/2024,AS
210,Event 1 (Arm 1: Arm 1_Guardians),No,Yes,6/19/2024,7/11/2024,AS
211,Event 1 (Arm 1: Arm 1_Guardians),No,Yes,6/19/2024,7/11/2024,AS
212,Event 1 (Arm 1: Arm 1_Guardians),No,Yes,6/19/2024,7/11/2024,AA
213,Event 1 (Arm 1: Arm 1_Guardians),No,Yes,6/18/2024,6/19/2024,AA
214,Event 1 (Arm 1: Arm 1_Guardians),No,Yes,6/19/2024,6/20/2024,AA
215,Event 1 (Arm 1: Arm 1_Guardians),No,Yes,6/19/2024,6/20/2024,AA
216,Event 1 (Arm 1: Arm 1_Guardians),No,Yes,6/19/2024,6/20/2024,AA
217,Event 1 (Arm 1: Arm 1_Guardians),No,Yes,6/19/2024,6/20/2024,AA
218,Event 1 (Arm 1: Arm 1_Guardians),No,Yes,6/19/2024,6/20/2024,AA
219,Event 1 (Arm 1: Arm 1_Guardians),No,Yes,6/19/2024,6/20/2024,AA
220,Event 1 (Arm 1: Arm 1_Guardians),No,Yes,6/19/2024,6/20/2024,AA
221,Event 1 (Arm 1: Arm 1_Guardians),No,Yes,6/19/2024,6/20/2024,AA
222,Event 1 (Arm 1: Arm 1_Guardians),No,Yes,6/19/2024,6/20/2024,AA
223,Event 1 (Arm 1: Arm 1_Guardians),No,Yes,6/19/2024,6/20/2024,AA
224,Event 1 (Arm 1: Arm 1_Guardians),No,Yes,6/24/2024,6/25/2024,AA
225,Event 1 (Arm 1: Arm 1_Guardians),No,Yes,6/24/2024,6/25/2024,AA
226,Event 1 (Arm 1: Arm 1_Guardians),No,Yes,6/24/2024,6/25/2024,AA
227,Event 1 (Arm 1: Arm 1_Guardians),No,Yes,6/24/2024,6/25/2024,AA
228,Event 1 (Arm 1: Arm 1_Guardians),No,Yes,6/24/2024,6/25/2024,AA
229,Event 1 (Arm 1: Arm 1_Guardians),No,Yes,6/24/2024,7/11/2024,AA
230,Event 1 (Arm 1: Arm 1_Guardians),No,Yes,6/24/2024,7/11/2024,AA
231,Event 1 (Arm 1: Arm 1_Guardians),No,Yes,6/24/2024,7/11/2024,AA
232,Event 1 (Arm 1: Arm 1_Guardians),No,Yes,6/24/2024,7/11/2024,AA
233,Event 1 (Arm 1: Arm 1_Guardians),No,Yes,6/24/2024,7/11/2024,AA
234,Event 1 (Arm 1: Arm 1_Guardians),No,Yes,6/24/2024,7/11/2024,AA
235,Event 1 (Arm 1: Arm 1_Guardians),No,Yes,6/24/2024,7/11/2024,AA
236,Event 1 (Arm 1: Arm 1_Guardians),No,Yes,6/24/2024,6/25/2024,AA
237,Event 1 (Arm 1: Arm 1_Guardians),No,Yes,6/24/2024,6/25/2024,AA
238,Event 1 (Arm 1: Arm 1_Guardians),No,Yes,6/24/2024,6/25/2024,AA
239,Event 1 (Arm 1: Arm 1_Guardians),No,Yes,6/24/2024,6/25/2024,AA
240,Event 1 (Arm 1: Arm 1_Guardians),No,Yes,6/24/2024,6/25/2024,AA
241,Event 1 (Arm 1: Arm 1_Guardians),No,Yes,6/24/2024,6/25/2024,AA
242,Event 1 (Arm 1: Arm 1_Guardians),No,Yes,6/25/2024,6/26/2024,AA
243,Event 1 (Arm 1: Arm 1_Guardians),No,Yes,6/25/2024,6/26/2024,AA
244,Event 1 (Arm 1: Arm 1_Guardians),No,Yes,6/25/2024,6/26/2024,AA
245,Event 1 (Arm 1: Arm 1_Guardians),No,Yes,6/25/2024,6/26/2024,AA
246,Event 1 (Arm 1: Arm 1_Guardians),No,Yes,6/25/2024,6/26/2024,AA
247,Event 1 (Arm 1: Arm 1_Guardians),No,Yes,6/25/2024,6/26/2024,AA
248,Event 1 (Arm 1: Arm 1_Guardians),No,Yes,6/25/2024,6/26/2024,AA
249,Event 1 (Arm 1: Arm 1_Guardians),No,Yes,6/25/2024,6/26/2024,AA
250,Event 1 (Arm 1: Arm 1_Guardians),No,Yes,6/25/2024,6/26/2024,AA
251,Event 1 (Arm 1: Arm 1_Guardians),No,Yes,6/26/2024,6/28/2024,AA
252,Event 1 (Arm 1: Arm 1_Guardians),No,Yes,6/26/2024,6/28/2024,AA
253,Event 1 (Arm 1: Arm 1_Guardians),No,Yes,6/26/2024,6/28/2024,AA
254,Event 1 (Arm 1: Arm 1_Guardians),No,Yes,6/26/2024,6/28/2024,AA
255,Event 1 (Arm 1: Arm 1_Guardians),No,Yes,6/26/2024,6/28/2024,AA
256,Event 1 (Arm 1: Arm 1_Guardians),No,Yes,6/26/2024,6/28/2024,AA
257,Event 1 (Arm 1: Arm 1_Guardians),No,Yes,6/26/2024,6/28/2024,AA
258,Event 1 (Arm 1: Arm 1_Guardians),No,Yes,6/26/2024,6/28/2024,AA
259,Event 1 (Arm 1: Arm 1_Guardians),No,Yes,6/26/2024,6/28/2024,AA
260,Event 1 (Arm 1: Arm 1_Guardians),No,Yes,6/26/2024,6/28/2024,AA
261,Event 1 (Arm 1: Arm 1_Guardians),No,Yes,6/26/2024,6/28/2024,AA
262,Event 1 (Arm 1: Arm 1_Guardians),No,Yes,6/26/2024,6/28/2024,AA
263,Event 1 (Arm 1: Arm 1_Guardians),No,Yes,6/26/2024,6/28/2024,AA
264,Event 1 (Arm 1: Arm 1_Guardians),No,Yes,6/26/2024,6/28/2024,AA
265,Event 1 (Arm 1: Arm 1_Guardians),No,Yes,6/26/2024,6/28/2024,AA
266,Event 1 (Arm 1: Arm 1_Guardians),No,Yes,6/26/2024,6/28/2024,AA
267,Event 1 (Arm 1: Arm 1_Guardians),No,Yes,6/26/2024,7/11/2024,AA
268,Event 1 (Arm 1: Arm 1_Guardians),No,Yes,6/26/2024,7/11/2024,AA
270,Event 1 (Arm 1: Arm 1_Guardians),No,Yes,6/26/2024,7/11/2024,AA
271,Event 1 (Arm 1: Arm 1_Guardians),No,Yes,6/26/2024,7/11/2024,AA
272,Event 1 (Arm 1: Arm 1_Guardians),No,Yes,6/26/2024,7/11/2024,AA
273,Event 1 (Arm 1: Arm 1_Guardians),No,Yes,6/26/2024,7/11/2024,AA
274,Event 1 (Arm 1: Arm 1_Guardians),No,Yes,6/27/2024,7/11/2024,AA
275,Event 1 (Arm 1: Arm 1_Guardians),No,Yes,6/27/2024,7/11/2024,AA
276,Event 1 (Arm 1: Arm 1_Guardians),No,Yes,6/27/2024,7/11/2024,AA
277,Event 1 (Arm 1: Arm 1_Guardians),No,Yes,6/27/2024,7/11/2024,AA
278,Event 1 (Arm 1: Arm 1_Guardians),No,Yes,6/27/2024,7/11/2024,AA
279,Event 1 (Arm 1: Arm 1_Guardians),No,Yes,6/27/2024,7/11/2024,AA
280,Event 1 (Arm 1: Arm 1_Guardians),No,Yes,6/27/2024,7/11/2024,AS
281,Event 1 (Arm 1: Arm 1_Guardians),No,Yes,6/27/2024,7/11/2024,AA
282,Event 1 (Arm 1: Arm 1_Guardians),No,Yes,6/27/2024,7/11/2024,AA
283,Event 1 (Arm 1: Arm 1_Guardians),No,Yes,6/27/2024,7/11/2024,AA
284,Event 1 (Arm 1: Arm 1_Guardians),No,Yes,6/27/2024,7/11/2024,AS
285,Event 1 (Arm 1: Arm 1_Guardians),No,Yes,6/27/2024,7/11/2024,AS
286,Event 1 (Arm 1: Arm 1_Guardians),No,Yes,6/27/2024,7/11/2024,AA
287,Event 1 (Arm 1: Arm 1_Guardians),No,Yes,6/27/2024,7/11/2024,AA
288,Event 1 (Arm 1: Arm 1_Guardians),No,Yes,6/27/2024,7/11/2024,AA
289,Event 1 (Arm 1: Arm 1_Guardians),No,Yes,6/27/2024,7/11/2024,AA
290,Event 1 (Arm 1: Arm 1_Guardians),No,Yes,7/1/2024,7/2/2024,AA
291,Event 1 (Arm 1: Arm 1_Guardians),No,Yes,7/1/2024,7/2/2024,AA
292,Event 1 (Arm 1: Arm 1_Guardians),No,Yes,7/1/2024,7/2/2024,AA
293,Event 1 (Arm 1: Arm 1_Guardians),No,Yes,7/1/2024,7/2/2024,AA
294,Event 1 (Arm 1: Arm 1_Guardians),No,Yes,7/1/2024,7/2/2024,AA
295,Event 1 (Arm 1: Arm 1_Guardians),No,Yes,7/1/2024,7/2/2024,AA
296,Event 1 (Arm 1: Arm 1_Guardians),No,Yes,7/1/2024,7/2/2024,AA
297,Event 1 (Arm 1: Arm 1_Guardians),No,Yes,7/1/2024,7/2/2024,AA
298,Event 1 (Arm 1: Arm 1_Guardians),No,Yes,7/1/2024,7/2/2024,AA
299,Event 1 (Arm 1: Arm 1_Guardians),No,Yes,7/1/2024,7/2/2024,AA
300,Event 1 (Arm 1: Arm 1_Guardians),No,Yes,7/1/2024,7/2/2024,AA
301,Event 1 (Arm 1: Arm 1_Guardians),No,Yes,7/1/2024,7/2/2024,AA
302,Event 1 (Arm 1: Arm 1_Guardians),No,Yes,7/1/2024,7/2/2024,AA
303,Event 1 (Arm 1: Arm 1_Guardians),No,Yes,7/1/2024,7/2/2024,AA
304,Event 1 (Arm 1: Arm 1_Guardians),No,Yes,7/1/2024,7/2/2024,AA
305,Event 1 (Arm 1: Arm 1_Guardians),No,Yes,7/2/2024,7/3/2024,AA
306,Event 1 (Arm 1: Arm 1_Guardians),No,Yes,7/2/2024,7/3/2024,AA
307,Event 1 (Arm 1: Arm 1_Guardians),No,Yes,7/2/2024,7/3/2024,AA
308,Event 1 (Arm 1: Arm 1_Guardians),No,Yes,7/2/2024,7/3/2024,AA
309,Event 1 (Arm 1: Arm 1_Guardians),No,Yes,7/2/2024,7/3/2024,AA
310,Event 1 (Arm 1: Arm 1_Guardians),No,Yes,7/2/2024,7/3/2024,AA
311,Event 1 (Arm 1: Arm 1_Guardians),No,Yes,7/2/2024,7/3/2024,AA
312,Event 1 (Arm 1: Arm 1_Guardians),No,Yes,7/2/2024,7/3/2024,AA
313,Event 1 (Arm 1: Arm 1_Guardians),No,Yes,7/2/2024,7/3/2024,AA
314,Event 1 (Arm 1: Arm 1_Guardians),No,Yes,7/2/2024,7/3/2024,AA
315,Event 1 (Arm 1: Arm 1_Guardians),No,Yes,7/2/2024,7/3/2024,AA
316,Event 1 (Arm 1: Arm 1_Guardians),No,Yes,7/2/2024,7/3/2024,AA
317,Event 1 (Arm 1: Arm 1_Guardians),No,Yes,7/3/2024,7/4/2024,AA
318,Event 1 (Arm 1: Arm 1_Guardians),No,Yes,7/3/2024,7/4/2024,AA
319,Event 1 (Arm 1: Arm 1_Guardians),No,Yes,7/3/2024,7/4/2024,AA
320,Event 1 (Arm 1: Arm 1_Guardians),No,Yes,7/3/2024,7/4/2024,AA
321,Event 1 (Arm 1: Arm 1_Guardians),No,Yes,7/3/2024,7/4/2024,AA
322,Event 1 (Arm 1: Arm 1_Guardians),No,Yes,7/3/2024,7/4/2024,AA
323,Event 1 (Arm 1: Arm 1_Guardians),No,Yes,7/3/2024,7/4/2024,AA
324,Event 1 (Arm 1: Arm 1_Guardians),No,Yes,7/3/2024,7/4/2024,AA
325,Event 1 (Arm 1: Arm 1_Guardians),No,Yes,7/3/2024,7/4/2024,AA
326,Event 1 (Arm 1: Arm 1_Guardians),No,Yes,7/3/2024,7/4/2024,AA
327,Event 1 (Arm 1: Arm 1_Guardians),No,Yes,6/26/2024,6/26/2024,AA
328,Event 1 (Arm 1: Arm 1_Guardians),No,Yes,7/1/2024,7/8/2024,AA
329,Event 1 (Arm 1: Arm 1_Guardians),No,Yes,7/1/2024,7/8/2024,AA
330,Event 1 (Arm 1: Arm 1_Guardians),No,Yes,7/1/2024,7/8/2024,AS
331,Event 1 (Arm 1: Arm 1_Guardians),No,Yes,7/1/2024,7/8/2024,AA
332,Event 1 (Arm 1: Arm 1_Guardians),No,Yes,7/1/2024,7/8/2024,AA
333,Event 1 (Arm 1: Arm 1_Guardians),No,Yes,7/2/2024,7/8/2024,AA
334,Event 1 (Arm 1: Arm 1_Guardians),No,Yes,7/2/2024,7/8/2024,AA
335,Event 1 (Arm 1: Arm 1_Guardians),No,Yes,7/2/2024,7/8/2024,AA
336,Event 1 (Arm 1: Arm 1_Guardians),No,Yes,7/2/2024,7/8/2024,AA
337,Event 1 (Arm 1: Arm 1_Guardians),No,Yes,7/2/2024,7/8/2024,AA
338,Event 1 (Arm 1: Arm 1_Guardians),No,Yes,7/5/2024,7/8/2024,AA
339,Event 1 (Arm 1: Arm 1_Guardians),No,Yes,7/5/2024,7/8/2024,AA
340,Event 1 (Arm 1: Arm 1_Guardians),No,Yes,7/5/2024,7/8/2024,AA
341,Event 1 (Arm 1: Arm 1_Guardians),No,Yes,7/5/2024,7/8/2024,AA
342,Event 1 (Arm 1: Arm 1_Guardians),No,Yes,7/5/2024,7/8/2024,AA
343,Event 1 (Arm 1: Arm 1_Guardians),No,Yes,7/5/2024,7/8/2024,AS
344,Event 1 (Arm 1: Arm 1_Guardians),No,Yes,7/5/2024,7/8/2024,AA
345,Event 1 (Arm 1: Arm 1_Guardians),No,Yes,7/5/2024,7/8/2024,AA
346,Event 1 (Arm 1: Arm 1_Guardians),No,Yes,7/5/2024,7/8/2024,AA
347,Event 1 (Arm 1: Arm 1_Guardians),No,Yes,7/5/2024,7/8/2024,AA
348,Event 1 (Arm 1: Arm 1_Guardians),No,Yes,7/8/2024,8/6/2024,AS
349,Event 1 (Arm 1: Arm 1_Guardians),No,Yes,7/8/2024,8/6/2024,AA
350,Event 1 (Arm 1: Arm 1_Guardians),No,Yes,7/8/2024,8/6/2024,AA
351,Event 1 (Arm 1: Arm 1_Guardians),No,Yes,7/8/2024,8/6/2024,AA
352,Event 1 (Arm 1: Arm 1_Guardians),No,Yes,7/8/2024,8/6/2024,AA
353,Event 1 (Arm 1: Arm 1_Guardians),No,Yes,7/8/2024,8/6/2024,AA
354,Event 1 (Arm 1: Arm 1_Guardians),No,Yes,7/8/2024,8/6/2024,AA
355,Event 1 (Arm 1: Arm 1_Guardians),No,Yes,7/8/2024,8/6/2024,AA
356,Event 1 (Arm 1: Arm 1_Guardians),No,Yes,7/8/2024,8/6/2024,AA
357,Event 1 (Arm 1: Arm 1_Guardians),No,Yes,7/8/2024,8/6/2024,AA
358,Event 1 (Arm 1: Arm 1_Guardians),No,Yes,7/8/2024,8/6/2024,AA
359,Event 1 (Arm 1: Arm 1_Guardians),No,Yes,7/8/2024,8/6/2024,AA
360,Event 1 (Arm 1: Arm 1_Guardians),No,Yes,7/8/2024,8/6/2024,AA
361,Event 1 (Arm 1: Arm 1_Guardians),No,Yes,7/9/2024,8/6/2024,AA
362,Event 1 (Arm 1: Arm 1_Guardians),No,Yes,7/9/2024,8/6/2024,AA
363,Event 1 (Arm 1: Arm 1_Guardians),No,Yes,7/9/2024,8/6/2024,AS
364,Event 1 (Arm 1: Arm 1_Guardians),No,Yes,7/9/2024,8/6/2024,AA
365,Event 1 (Arm 1: Arm 1_Guardians),No,Yes,7/9/2024,8/6/2024,AA
366,Event 1 (Arm 1: Arm 1_Guardians),No,Yes,7/9/2024,8/6/2024,AA
367,Event 1 (Arm 1: Arm 1_Guardians),No,Yes,7/9/2024,8/6/2024,AA
368,Event 1 (Arm 1: Arm 1_Guardians),No,Yes,7/9/2024,8/6/2024,AA
369,Event 1 (Arm 1: Arm 1_Guardians),No,Yes,7/11/2024,8/6/2024,AS
370,Event 1 (Arm 1: Arm 1_Guardians),No,Yes,7/11/2024,8/6/2024,AA
371,Event 1 (Arm 1: Arm 1_Guardians),No,Yes,7/11/2024,8/6/2024,AA
372,Event 1 (Arm 1: Arm 1_Guardians),No,Yes,7/11/2024,8/6/2024,AA
373,Event 1 (Arm 1: Arm 1_Guardians),No,Yes,7/11/2024,8/6/2024,AA
374,Event 1 (Arm 1: Arm 1_Guardians),No,Yes,7/8/2024,7/9/2024,AA
375,Event 1 (Arm 1: Arm 1_Guardians),No,Yes,7/8/2024,7/9/2024,AA
376,Event 1 (Arm 1: Arm 1_Guardians),No,Yes,7/8/2024,7/9/2024,AA
377,Event 1 (Arm 1: Arm 1_Guardians),No,Yes,7/8/2024,7/9/2024,AA
378,Event 1 (Arm 1: Arm 1_Guardians),No,Yes,7/8/2024,7/9/2024,AA
379,Event 1 (Arm 1: Arm 1_Guardians),No,Yes,7/8/2024,7/9/2024,AA
380,Event 1 (Arm 1: Arm 1_Guardians),No,Yes,7/8/2024,7/9/2024,AA
381,Event 1 (Arm 1: Arm 1_Guardians),No,Yes,7/8/2024,7/9/2024,AA
382,Event 1 (Arm 1: Arm 1_Guardians),No,Yes,7/9/2024,7/10/2024,AA
383,Event 1 (Arm 1: Arm 1_Guardians),No,Yes,7/9/2024,7/10/2024,AS
384,Event 1 (Arm 1: Arm 1_Guardians),No,Yes,7/9/2024,7/10/2024,AA
385,Event 1 (Arm 1: Arm 1_Guardians),No,Yes,7/9/2024,7/10/2024,AA
386,Event 1 (Arm 1: Arm 1_Guardians),No,Yes,7/9/2024,7/10/2024,AA
387,Event 1 (Arm 1: Arm 1_Guardians),No,Yes,7/9/2024,7/10/2024,AA
388,Event 1 (Arm 1: Arm 1_Guardians),No,Yes,7/9/2024,7/10/2024,AS
389,Event 1 (Arm 1: Arm 1_Guardians),No,Yes,7/9/2024,7/10/2024,AA
390,Event 1 (Arm 1: Arm 1_Guardians),No,Yes,7/9/2024,7/10/2024,AA
391,Event 1 (Arm 1: Arm 1_Guardians),No,Yes,7/9/2024,7/10/2024,AA
392,Event 1 (Arm 1: Arm 1_Guardians),No,Yes,7/16/2024,7/17/2024,AA
393,Event 1 (Arm 1: Arm 1_Guardians),No,Yes,7/16/2024,7/17/2024,AA
394,Event 1 (Arm 1: Arm 1_Guardians),No,Yes,7/16/2024,7/17/2024,AA
395,Event 1 (Arm 1: Arm 1_Guardians),No,Yes,7/16/2024,7/17/2024,AA
396,Event 1 (Arm 1: Arm 1_Guardians),No,Yes,7/16/2024,7/17/2024,AA
397,Event 1 (Arm 1: Arm 1_Guardians),No,Yes,7/16/2024,7/17/2024,AA
398,Event 1 (Arm 1: Arm 1_Guardians),No,Yes,7/16/2024,7/17/2024,AA
399,Event 1 (Arm 1: Arm 1_Guardians),No,Yes,7/16/2024,7/17/2024,AS
400,Event 1 (Arm 1: Arm 1_Guardians),No,Yes,7/16/2024,7/17/2024,AA
401,Event 1 (Arm 1: Arm 1_Guardians),No,Yes,7/16/2024,7/17/2024,AA
402,Event 1 (Arm 1: Arm 1_Guardians),No,Yes,7/15/2024,7/6/2024,AA
403,Event 1 (Arm 1: Arm 1_Guardians),No,Yes,7/15/2024,8/6/2024,AS
404,Event 1 (Arm 1: Arm 1_Guardians),No,Yes,7/15/2024,8/6/2024,AA
405,Event 1 (Arm 1: Arm 1_Guardians),No,Yes,7/15/2024,8/6/2024,AA
406,Event 1 (Arm 1: Arm 1_Guardians),No,Yes,7/15/2024,8/6/2024,AA
407,Event 1 (Arm 1: Arm 1_Guardians),No,Yes,7/15/2024,8/6/2024,AA
408,Event 1 (Arm 1: Arm 1_Guardians),No,Yes,7/15/2024,8/6/2024,AA
409,Event 1 (Arm 1: Arm 1_Guardians),No,Yes,7/15/2024,8/6/2024,AA
410,Event 1 (Arm 1: Arm 1_Guardians),No,Yes,7/15/2024,8/6/2024,AA
411,Event 1 (Arm 1: Arm 1_Guardians),No,Yes,7/15/2024,8/6/2024,AA
412,Event 1 (Arm 1: Arm 1_Guardians),No,Yes,7/15/2024,8/6/2024,AA
413,Event 1 (Arm 1: Arm 1_Guardians),No,Yes,7/15/2024,8/6/2024,AA
414,Event 1 (Arm 1: Arm 1_Guardians),No,Yes,7/17/2024,8/6/2024,AA
416,Event 1 (Arm 1: Arm 1_Guardians),No,Yes,7/17/2024,8/6/2024,AA
417,Event 1 (Arm 1: Arm 1_Guardians),No,Yes,7/17/2024,8/6/2024,AA
418,Event 1 (Arm 1: Arm 1_Guardians),No,Yes,7/17/2024,8/6/2024,AA
419,Event 1 (Arm 1: Arm 1_Guardians),No,Yes,7/17/2024,8/6/2024,AA
420,Event 1 (Arm 1: Arm 1_Guardians),No,Yes,7/17/2024,8/6/2024,AA
421,Event 1 (Arm 1: Arm 1_Guardians),No,Yes,7/17/2024,8/6/2024,AA
422,Event 1 (Arm 1: Arm 1_Guardians),No,Yes,7/17/2024,8/6/2024,AA
423,Event 1 (Arm 1: Arm 1_Guardians),No,Yes,7/17/2024,7/18/2024,AA
424,Event 1 (Arm 1: Arm 1_Guardians),No,Yes,7/17/2024,7/18/2024,AA
425,Event 1 (Arm 1: Arm 1_Guardians),No,Yes,7/17/2024,7/18/2024,AS
426,Event 1 (Arm 1: Arm 1_Guardians),No,Yes,7/17/2024,7/18/2024,AA
427,Event 1 (Arm 1: Arm 1_Guardians),No,Yes,7/17/2024,7/18/2024,AA
428,Event 1 (Arm 1: Arm 1_Guardians),No,Yes,7/17/2024,7/18/2024,AA
429,Event 1 (Arm 1: Arm 1_Guardians),No,Yes,7/17/2024,7/18/2024,AA
430,Event 1 (Arm 1: Arm 1_Guardians),No,Yes,7/17/2024,7/18/2024,AA
431,Event 1 (Arm 1: Arm 1_Guardians),No,Yes,7/17/2024,7/18/2024,AA
432,Event 1 (Arm 1: Arm 1_Guardians),No,Yes,7/17/2024,7/18/2024,AA
433,Event 1 (Arm 1: Arm 1_Guardians),No,Yes,7/17/2024,7/18/2024,AA
434,Event 1 (Arm 1: Arm 1_Guardians),No,Yes,7/17/2024,7/18/2024,AA
435,Event 1 (Arm 1: Arm 1_Guardians),No,Yes,7/17/2024,7/18/2024,AA
436,Event 1 (Arm 1: Arm 1_Guardians),No,Yes,7/17/2024,7/18/2024,AA
437,Event 1 (Arm 1: Arm 1_Guardians),No,Yes,7/17/2024,7/18/2024,AA
444,Event 1 (Arm 1: Arm 1_Guardians),No,Yes,7/22/2024,7/23/2024,AA
445,Event 1 (Arm 1: Arm 1_Guardians),No,Yes,7/22/2024,7/23/2024,AA
446,Event 1 (Arm 1: Arm 1_Guardians),No,Yes,7/22/2024,7/23/2024,AA
447,Event 1 (Arm 1: Arm 1_Guardians),No,Yes,7/22/2024,7/23/2024,AA
448,Event 1 (Arm 1: Arm 1_Guardians),No,Yes,7/22/2024,7/23/2024,AA
449,Event 1 (Arm 1: Arm 1_Guardians),No,Yes,7/22/2024,7/23/2024,AA
450,Event 1 (Arm 1: Arm 1_Guardians),No,Yes,7/22/2024,7/23/2024,AA
451,Event 1 (Arm 1: Arm 1_Guardians),No,Yes,7/22/2024,7/23/2024,AA
452,Event 1 (Arm 1: Arm 1_Guardians),No,Yes,7/22/2024,7/23/2024,AA
453,Event 1 (Arm 1: Arm 1_Guardians),No,Yes,7/22/2024,7/23/2024,AA
454,Event 1 (Arm 1: Arm 1_Guardians),No,Yes,7/23/2024,7/24/2024,AA
455,Event 1 (Arm 1: Arm 1_Guardians),No,Yes,7/23/2024,7/24/2024,AA
456,Event 1 (Arm 1: Arm 1_Guardians),No,Yes,7/23/2024,7/24/2024,AA
457,Event 1 (Arm 1: Arm 1_Guardians),No,Yes,7/23/2024,7/24/2024,AA
458,Event 1 (Arm 1: Arm 1_Guardians),No,Yes,7/23/2024,7/24/2024,AS
459,Event 1 (Arm 1: Arm 1_Guardians),No,Yes,7/23/2024,7/24/2024,AA
460,Event 1 (Arm 1: Arm 1_Guardians),No,Yes,7/23/2024,7/24/2024,AA
461,Event 1 (Arm 1: Arm 1_Guardians),No,Yes,7/23/2024,7/24/2024,AA
462,Event 1 (Arm 1: Arm 1_Guardians),No,Yes,7/23/2024,7/24/2024,AA
463,Event 1 (Arm 1: Arm 1_Guardians),No,Yes,7/23/2024,7/24/2024,AA
464,Event 1 (Arm 1: Arm 1_Guardians),No,Yes,7/23/2024,7/24/2024,AA
465,Event 1 (Arm 1: Arm 1_Guardians),No,Yes,7/29/2024,7/30/2024,AA
466,Event 1 (Arm 1: Arm 1_Guardians),No,Yes,7/29/2024,7/30/2024,AA
467,Event 1 (Arm 1: Arm 1_Guardians),No,Yes,7/29/2024,7/30/2024,AA
468,Event 1 (Arm 1: Arm 1_Guardians),No,Yes,7/29/2024,7/30/2024,AS
469,Event 1 (Arm 1: Arm 1_Guardians),No,Yes,7/29/2024,7/30/2024,AA
470,Event 1 (Arm 1: Arm 1_Guardians),No,Yes,7/29/2024,7/30/2024,AA
471,Event 1 (Arm 1: Arm 1_Guardians),No,Yes,7/29/2024,7/30/2024,AA
472,Event 1 (Arm 1: Arm 1_Guardians),No,Yes,7/29/2024,7/30/2024,AA
473,Event 1 (Arm 1: Arm 1_Guardians),No,Yes,7/29/2024,7/30/2024,AA
474,Event 1 (Arm 1: Arm 1_Guardians),No,Yes,7/29/2024,7/30/2024,AA
475,Event 1 (Arm 1: Arm 1_Guardians),No,Yes,7/29/2024,7/30/2024,AA
476,Event 1 (Arm 1: Arm 1_Guardians),No,Yes,7/30/2024,7/31/2024,AA
477,Event 1 (Arm 1: Arm 1_Guardians),No,Yes,7/30/2024,7/31/2024,AA
478,Event 1 (Arm 1: Arm 1_Guardians),No,Yes,7/30/2024,7/31/2024,AA
479,Event 1 (Arm 1: Arm 1_Guardians),No,Yes,7/30/2024,7/31/2024,AA
480,Event 1 (Arm 1: Arm 1_Guardians),No,Yes,7/30/2024,7/31/2024,AA
481,Event 1 (Arm 1: Arm 1_Guardians),No,Yes,7/30/2024,7/31/2024,AA
482,Event 1 (Arm 1: Arm 1_Guardians),No,Yes,7/30/2024,7/31/2024,AA
483,Event 1 (Arm 1: Arm 1_Guardians),No,Yes,7/30/2024,7/31/2024,AA
484,Event 1 (Arm 1: Arm 1_Guardians),No,Yes,7/31/2024,8/1/2024,AA
485,Event 1 (Arm 1: Arm 1_Guardians),No,Yes,7/31/2024,8/1/2024,AA
486,Event 1 (Arm 1: Arm 1_Guardians),No,Yes,7/31/2024,8/1/2024,AA
487,Event 1 (Arm 1: Arm 1_Guardians),No,Yes,7/31/2024,8/1/2024,AA
488,Event 1 (Arm 1: Arm 1_Guardians),No,Yes,7/31/2024,8/1/2024,AA
489,Event 1 (Arm 1: Arm 1_Guardians),No,Yes,7/31/2024,8/1/2024,AA
490,Event 1 (Arm 1: Arm 1_Guardians),No,Yes,7/31/2024,8/1/2024,AA
491,Event 1 (Arm 1: Arm 1_Guardians),No,Yes,7/31/2024,8/1/2024,AA
492,Event 1 (Arm 1: Arm 1_Guardians),No,Yes,7/31/2024,8/1/2024,AA
499,Event 1 (Arm 1: Arm 1_Guardians),No,Yes,7/19/2024,8/6/2024,AA
500,Event 1 (Arm 1: Arm 1_Guardians),No,Yes,7/19/2024,8/6/2024,AA
501,Event 1 (Arm 1: Arm 1_Guardians),No,Yes,7/19/2024,8/6/2024,AA
502,Event 1 (Arm 1: Arm 1_Guardians),No,Yes,7/19/2024,8/6/2024,AA
503,Event 1 (Arm 1: Arm 1_Guardians),No,Yes,7/19/2024,8/6/2024,AA
504,Event 1 (Arm 1: Arm 1_Guardians),No,Yes,7/19/2024,8/6/2024,AA
505,Event 1 (Arm 1: Arm 1_Guardians),No,Yes,7/19/2024,8/6/2024,AS
506,Event 1 (Arm 1: Arm 1_Guardians),No,Yes,7/19/2024,8/6/2024,AA
507,Event 1 (Arm 1: Arm 1_Guardians),No,Yes,7/19/2024,8/6/2024,AA
508,Event 1 (Arm 1: Arm 1_Guardians),No,Yes,7/19/2024,8/6/2024,AA
509,Event 1 (Arm 1: Arm 1_Guardians),No,Yes,7/19/2024,8/6/2024,AA
510,Event 1 (Arm 1: Arm 1_Guardians),No,Yes,7/19/2024,8/6/2024,AA
511,Event 1 (Arm 1: Arm 1_Guardians),No,Yes,7/22/2024,8/6/2024,AA
512,Event 1 (Arm 1: Arm 1_Guardians),No,Yes,7/22/2024,8/6/2024,AA
513,Event 1 (Arm 1: Arm 1_Guardians),No,Yes,7/22/2024,8/6/2024,AA
514,Event 1 (Arm 1: Arm 1_Guardians),No,Yes,7/22/2024,8/6/2024,AA
515,Event 1 (Arm 1: Arm 1_Guardians),No,Yes,7/22/2024,8/6/2024,AA
516,Event 1 (Arm 1: Arm 1_Guardians),No,Yes,7/22/2024,8/6/2024,AA
517,Event 1 (Arm 1: Arm 1_Guardians),No,Yes,7/22/2024,8/6/2024,AS
518,Event 1 (Arm 1: Arm 1_Guardians),No,Yes,7/22/2024,8/6/2024,AA
519,Event 1 (Arm 1: Arm 1_Guardians),No,Yes,7/24/2024,8/6/2024,AS
520,Event 1 (Arm 1: Arm 1_Guardians),No,Yes,7/24/2024,8/6/2024,AA
521,Event 1 (Arm 1: Arm 1_Guardians),No,Yes,7/24/2024,8/6/2024,AA
522,Event 1 (Arm 1: Arm 1_Guardians),No,Yes,7/24/2024,8/6/2024,AA
523,Event 1 (Arm 1: Arm 1_Guardians),No,Yes,7/24/2024,8/6/2024,AA
524,Event 1 (Arm 1: Arm 1_Guardians),No,Yes,7/24/2024,8/6/2024,AA
525,Event 1 (Arm 1: Arm 1_Guardians),No,Yes,7/24/2024,8/6/2024,AA
526,Event 1 (Arm 1: Arm 1_Guardians),No,Yes,7/24/2024,8/6/2024,AA
528,Event 1 (Arm 1: Arm 1_Guardians),No,Yes,7/24/2024,8/6/2024,AA
529,Event 1 (Arm 1: Arm 1_Guardians),No,Yes,7/29/2024,8/6/2024,AA
530,Event 1 (Arm 1: Arm 1_Guardians),No,Yes,7/29/2024,8/6/2024,AA
531,Event 1 (Arm 1: Arm 1_Guardians),No,Yes,7/29/2024,8/6/2024,AS
532,Event 1 (Arm 1: Arm 1_Guardians),No,Yes,7/29/2024,8/6/2024,AA
533,Event 1 (Arm 1: Arm 1_Guardians),No,Yes,7/29/2024,8/6/2024,AA
534,Event 1 (Arm 1: Arm 1_Guardians),No,Yes,7/29/2024,8/6/2024,AA
535,Event 1 (Arm 1: Arm 1_Guardians),No,Yes,7/29/2024,8/6/2024,AA
536,Event 1 (Arm 1: Arm 1_Guardians),No,Yes,7/29/2024,8/6/2024,AA
537,Event 1 (Arm 1: Arm 1_Guardians),No,Yes,7/29/2024,8/6/2024,AA
538,Event 1 (Arm 1: Arm 1_Guardians),No,Yes,7/29/2024,8/6/2024,AA
539,Event 1 (Arm 1: Arm 1_Guardians),No,Yes,7/29/2024,8/6/2024,AA
581,Event 1 (Arm 1: Arm 1_Guardians),No,Yes,8/2/2024,8/5/2024,AA
582,Event 1 (Arm 1: Arm 1_Guardians),No,Yes,8/2/2024,8/5/2024,AA
583,Event 1 (Arm 1: Arm 1_Guardians),No,Yes,8/2/2024,8/5/2024,AA
584,Event 1 (Arm 1: Arm 1_Guardians),No,Yes,8/2/2024,8/5/2024,AA
585,Event 1 (Arm 1: Arm 1_Guardians),No,Yes,8/2/2024,8/5/2024,AS
586,Event 1 (Arm 1: Arm 1_Guardians),No,Yes,8/2/2024,8/5/2024,AS
587,Event 1 (Arm 1: Arm 1_Guardians),No,Yes,8/2/2024,8/5/2024,AA
588,Event 1 (Arm 1: Arm 1_Guardians),No,Yes,8/2/2024,8/5/2024,AA
589,Event 1 (Arm 1: Arm 1_Guardians),No,Yes,8/2/2024,8/5/2024,AA
590,Event 1 (Arm 1: Arm 1_Guardians),No,Yes,8/2/2024,8/5/2024,AA
591,Event 1 (Arm 1: Arm 1_Guardians),No,Yes,8/2/2024,8/5/2024,AA
592,Event 1 (Arm 1: Arm 1_Guardians),No,Yes,8/2/2024,8/5/2024,AA
593,Event 1 (Arm 1: Arm 1_Guardians),No,Yes,8/2/2024,8/5/2024,AA
594,Event 1 (Arm 1: Arm 1_Guardians),No,Yes,8/5/2024,8/6/2024,AA
595,Event 1 (Arm 1: Arm 1_Guardians),No,Yes,8/5/2024,8/6/2024,AA
596,Event 1 (Arm 1: Arm 1_Guardians),No,Yes,8/5/2024,8/6/2024,AA
597,Event 1 (Arm 1: Arm 1_Guardians),No,Yes,8/5/2024,8/6/2024,AA
598,Event 1 (Arm 1: Arm 1_Guardians),No,Yes,8/5/2024,8/6/2024,AA
599,Event 1 (Arm 1: Arm 1_Guardians),No,Yes,8/5/2024,8/6/2024,AA
600,Event 1 (Arm 1: Arm 1_Guardians),No,Yes,8/5/2027,8/6/2024,AA
601,Event 1 (Arm 1: Arm 1_Guardians),No,Yes,8/5/2024,8/6/2024,AA
602,Event 1 (Arm 1: Arm 1_Guardians),No,Yes,8/5/2024,8/6/2024,AA
603,Event 1 (Arm 1: Arm 1_Guardians),No,Yes,8/5/2024,8/6/2024,AA
604,Event 1 (Arm 1: Arm 1_Guardians),No,Yes,8/5/2024,8/6/2024,AA
605,Event 1 (Arm 1: Arm 1_Guardians),No,Yes,8/5/2024,8/6/2024,AA
606,Event 1 (Arm 1: Arm 1_Guardians),No,Yes,8/5/2024,8/6/2024,AA
607,Event 1 (Arm 1: Arm 1_Guardians),No,Yes,8/6/2024,8/6/2024,AA
608,Event 1 (Arm 1: Arm 1_Guardians),No,Yes,8/6/2024,8/6/2024,AA
