"Study.participant.ID","Facility.ID","country","Standard.POCT.Results","DBS.POCT.Results"
"NBSZAM020","UTH","zim/zam",NA,"AS"
"NBSZAM021","UTH","zim/zam",NA,"AA"
"NBSZAM022","UTH","zim/zam",NA,"SS"
"NBSZAM024","UTH","zim/zam",NA,"AA"
"NBSZAM023","UTH","zim/zam",NA,"AS"
"NBSZAM025","UTH","zim/zam",NA,"AA"
"NBSZAM026","UTH","zim/zam",NA,"AA"
"NBSZAM040","UTH","zim/zam",NA,"AA"
"NBSZAM041","UTH","zim/zam",NA,"AA"
"NBSZAM042","UTH","zim/zam",NA,"AA"
"NBSZAM043","UTH","zim/zam",NA,"AS"
"NBSZAM044","UTH","zim/zam",NA,"AS"
"NBSZAM045","UTH","zim/zam",NA,"AA"
"NBSZAM046","MFLH","zim/zam",NA,"AA"
"NBSZAM047","UTH","zim/zam",NA,"AA"
"NBSZAM048","UTH","zim/zam",NA,"AS"
"NBSZAM027","UTH","zim/zam",NA,"AA"
"NBSZAM060","MFLH","zim/zam",NA,"AA"
"NBSZAM061","MFLH","zim/zam",NA,"AA"
"NBSZAM062","MFLH","zim/zam",NA,"AA"
"NBSZAM063","MFLH","zim/zam",NA,"AA"
"NBSZAM064","MFLH","zim/zam",NA,"AA"
"NBSZAM065","MFLH","zim/zam",NA,"AS"
"NBSZAM066","MFLH","zim/zam",NA,"AA"
"NBSZAM067","MFLH","zim/zam",NA,"AA"
"NBSZAM068","MFLH","zim/zam",NA,"AA"
"NBSZAM049","MFLH","zim/zam",NA,"AA"
"NBSZAM050","MFLH","zim/zam",NA,"AA"
"NBSZAM051","UTH","zim/zam",NA,"AA"
"NBSZAM052","UTH","zim/zam",NA,"AA"
"NBSZAM053","UTH","zim/zam",NA,"AA"
"NBSZAM054","UTH","zim/zam",NA,"AS"
"NBSZAM055","UTH","zim/zam",NA,"AS"
"NBSZAM069","MFLH","zim/zam",NA,"AA"
"NBSZAM028","MFLH","zim/zam",NA,"AA"
"NBSZAM029","MFLH","zim/zam",NA,"AS"
"NBSZAM030","UTH","zim/zam",NA,"AS"
"NBSZAM031","UTH","zim/zam",NA,"AA"
"NBSZAM032","UTH","zim/zam",NA,"AA"
"NBSZAM033","UTH","zim/zam",NA,"AA"
"NBSZAM034","UTH","zim/zam",NA,"AA"
"NBSZAM035","UTH","zim/zam",NA,"AA"
"NBSZAM056","UTH","zim/zam",NA,"AA"
"NBSZAM057","UTH","zim/zam",NA,"AA"
"NBSZAM058","UTH","zim/zam",NA,"AA"
"NBSZAM059","UTH","zim/zam",NA,"AA"
"NBSZAM121","UTH","zim/zam",NA,"AA"
"NBSZAM122","UTH","zim/zam",NA,"AS"
"NBSZAM123","UTH","zim/zam",NA,"AA"
"NBSZAM124","UTH","zim/zam",NA,"AA"
"NBSZAM037","UTH","zim/zam",NA,"AA"
"NBSZAM038","UTH","zim/zam",NA,"AA"
"NBSZAM039","UTH","zim/zam",NA,"AS"
"NBSZAM101","UTH","zim/zam",NA,"AS"
"NBSZAM102","UTH","zim/zam",NA,"AA"
"NBSZAM103","UTH","zim/zam",NA,"AA"
"NBSZAM104","UTH","zim/zam",NA,"AA"
"NBSZAM125","UTH","zim/zam",NA,"AA"
"NBSZAM126","UTH","zim/zam",NA,"AA"
"NBSZAM127","UTH","zim/zam",NA,"AS"
"NBSZAM129","UTH","zim/zam",NA,"AA"
"NBSZAM130","UTH","zim/zam",NA,"AA"
"NBSZAM131","UTH","zim/zam",NA,"AA"
"NBSZAM128","UTH","zim/zam",NA,"AS"
"NBSZAM132","UTH","zim/zam",NA,"AA"
"NBSZAM133","UTH","zim/zam",NA,"AA"
"NBSZAM134","UTH","zim/zam",NA,"AS"
"NBSZAM135","UTH","zim/zam",NA,"AA"
"NBSZAM136","UTH","zim/zam",NA,"AA"
"NBSZAM137","UTH","zim/zam",NA,"AA"
"NBSZAM138","UTH","zim/zam",NA,"AA"
"NBSZAM139","UTH","zim/zam",NA,"AA"
"NBSZAM140","UTH","zim/zam",NA,"AA"
"NBSZAM211","UTH","zim/zam",NA,"AS"
"NBSZAM212","UTH","zim/zam",NA,"AA"
"NBSZAM213","UTH","zim/zam",NA,"AA"
"NBSZAM214","UTH","zim/zam",NA,"AA"
"NBSZAM215","UTH","zim/zam",NA,"AA"
"NBSZAM216","UTH","zim/zam",NA,"AS"
"NBSZAM217","UTH","zim/zam",NA,"AS"
"NBSZAM218","UTH","zim/zam",NA,"AA"
"NBSZAM219","UTH","zim/zam",NA,"AA"
"NBSZAM220","UTH","zim/zam",NA,"AA"
"NBSZAM221","UTH","zim/zam",NA,"AA"
"NBSZAM222","UTH","zim/zam",NA,"AA"
"NBSZAM223","UTH","zim/zam",NA,"AA"
"NBSZAM105","UTH","zim/zam",NA,"AS"
"NBSZAM106","UTH","zim/zam",NA,"AA"
"NBSZAM107","UTH","zim/zam",NA,"AA"
"NBSZAM108","UTH","zim/zam",NA,"AS"
"NBSZAM109","UTH","zim/zam",NA,"AA"
"NBSZAM111","UTH","zim/zam",NA,"AA"
"NBSZAM112","UTH","zim/zam",NA,"AA"
"NBSZAM113","UTH","zim/zam",NA,"AA"
"NBSZAM114","UTH","zim/zam",NA,"AA"
"NBSZAM224","UTH","zim/zam",NA,"AS"
"NBSZAM225","UTH","zim/zam",NA,"AA"
"NBSZAM226","UTH","zim/zam",NA,"AA"
"NBSZAM227","UTH","zim/zam",NA,"AA"
"NBSZAM228","UTH","zim/zam",NA,"AA"
"NBSZAM229","UTH","zim/zam",NA,"AA"
"NBSZAM149","MFLH","zim/zam",NA,"AA"
"NBSZAM150","MFLH","zim/zam",NA,"AA"
"NBSZAM151","MFLH","zim/zam",NA,"AA"
"NBSZAM152","MFLH","zim/zam",NA,"AA"
"NBSZAM153","MFLH","zim/zam",NA,"AA"
"NBSZAM154","MFLH","zim/zam",NA,"AA"
"NBSZAM155","MFLH","zim/zam",NA,"SS"
"NBSZAM366","MFLH","zim/zam",NA,"AA"
"NBSZAM156","MFLH ","zim/zam",NA,"AA"
"NBSZAM381","MFLH ","zim/zam",NA,"AS"
"NBSZAM384","MFLH ","zim/zam",NA,"AS"
"NBSZAM385","MFLH ","zim/zam",NA,"AA"
"NBSZAM386","UTH","zim/zam",NA,"AA"
"NBSZAM387","UTH ","zim/zam",NA,"AA"
"NBSZAM163","MFLH ","zim/zam",NA,"AA"
"NBSZAM164","MFLH ","zim/zam",NA,"AA"
"NBSZAM162","MFLH ","zim/zam",NA,"AS"
"NBSZAM165","MFLH ","zim/zam",NA,"AA"
"NBSZAM157","MFLH","zim/zam",NA,"AA"
"NBSZAM161","MFLH ","zim/zam",NA,"AA"
"NBSZAM362","UTH ","zim/zam",NA,"AA"
"NBSZAM364","UTH ","zim/zam",NA,"AS"
"NBSZAM158","MFLH ","zim/zam",NA,"AA"
"NBSZAM159","MFLH ","zim/zam",NA,"AA"
"NBSZAM383","UTH ","zim/zam",NA,"AA"
"NBSZAM363","MFLH ","zim/zam",NA,"AA"
"NBSZAM365","UTH ","zim/zam",NA,"AA"
"NBSZAM382","MFLH ","zim/zam",NA,"AA"
"NBSZAM361","UTH ","zim/zam",NA,"AA"
"NBSZAM388","UTH ","zim/zam",NA,"AA"
"NBSZAM389","UTH ","zim/zam",NA,"AA"
"NBSZAM166","MFLH ","zim/zam",NA,"AA"
"NBSZAM177","MFLH ","zim/zam",NA,"AA"
"NBSZAM368","UTH ","zim/zam",NA,"AS"
"NBSZAM367","UTH ","zim/zam",NA,"AA"
"NBSZAM369","UTH ","zim/zam",NA,"AA"
"NBSZAM393","UTH ","zim/zam",NA,"AA"
"NBSZAM392","UTH ","zim/zam",NA,"AA"
"NBSZAM391","UTH ","zim/zam",NA,"AA"
"NBSZAM390","UTH ","zim/zam",NA,"AA"
"NBSZAM396","MFLH ","zim/zam",NA,"AA"
"NBSZAM 372","MFLH ","zim/zam",NA,"AS"
"NBSZAM371","MFLH ","zim/zam",NA,"AA"
"NBSZAM 307","MFLH ","zim/zam",NA,"AA"
"NBSZAM 305","MFLH ","zim/zam",NA,"AA"
"NBSZAM 308","MFLH ","zim/zam",NA,"AA"
"NBSZAM 304 ","MFLH ","zim/zam",NA,"AA"
"NBSZAM 309","MFLH ","zim/zam",NA,"AA"
"NBSZAM399","MFLH ","zim/zam",NA,"AA"
"NBSZAM341 ","MFLH ","zim/zam",NA,"AA"
"NBSZAM340","MFLH ","zim/zam",NA,"AA"
"NBSZAM338 ","MFLH ","zim/zam",NA,"AA"
"NBSZAM257","UTH ","zim/zam",NA,"AA"
"NBSZAM400","MFLH ","zim/zam",NA,"AA"
"NBSZAM334","MFLH ","zim/zam",NA,"AA"
"NBSZAM336 ","MFLH ","zim/zam",NA,"AA"
"NBSZAM337","MFLH ","zim/zam",NA,"AA"
"NBSZAM297","MFLH ","zim/zam",NA,"AS"
"NBSZAM303","MFLH ","zim/zam",NA,"AA"
"NBSZAM298","MFLH ","zim/zam",NA,"AA"
"NBSZAM310","MFLH ","zim/zam",NA,"AA"
"NBSZAM306","MFLH ","zim/zam",NA,"AS"
"NBSZAM302","MFLH ","zim/zam",NA,"AA"
"NBSZAM398","MFLH ","zim/zam",NA,"AA"
"NBSZAM342","MFLH ","zim/zam",NA,"AA"
"NBSZAM293","MFLH ","zim/zam",NA,"AA"
"NBSZAM294 ","MFLH ","zim/zam",NA,"AA"
"NBSZAM300","MFLH ","zim/zam",NA,"AA"
"NBSZAM299","MFLH ","zim/zam",NA,"AS"
"NBSZAM160","MFLH ","zim/zam",NA,"AA"
"NBSZAM291","MFLH ","zim/zam",NA,"AA"
"NBSZAM301","MFLH ","zim/zam",NA,"AA"
"NBSZAM370","MFLH ","zim/zam",NA,"AA"
"NBSZAM411","UTH ","zim/zam",NA,"AA"
"NBSZAM412","UTH ","zim/zam",NA,"AA"
"NBSZAM413","UTH ","zim/zam",NA,"AA"
"NBSZAM414","UTH ","zim/zam",NA,"AA"
"NBSZAM445","UTH ","zim/zam",NA,"AA"
"NBSZAM446","UTH ","zim/zam",NA,"AA"
"NBSZAM415","UTH ","zim/zam",NA,"AS"
"NBSZAM416","UTH ","zim/zam",NA,"AA"
"NBSZAM417","UTH ","zim/zam",NA,"AA"
"NBSZAM409","UTH ","zim/zam",NA,"AA"
"NBSZAM410","UTH ","zim/zam",NA,"AA"
"NBSZAM421 ","UTH ","zim/zam",NA,"AA"
"NBSZAM422","UTH ","zim/zam",NA,"AA"
"NBSZAM423 ","UTH ","zim/zam",NA,"AS"
"NBSZAM424","UTH ","zim/zam",NA,"AA"
"NBSZAM426","UTH ","zim/zam",NA,"AS"
"NBSZAM447","UTH ","zim/zam",NA,"AA"
"NBSZAM448","UTH ","zim/zam",NA,"AA"
"NBSZAM449","UTH ","zim/zam",NA,"AA"
"NBSZAM251","UTH ","zim/zam",NA,"AA"
"NBSZAM252","UTH ","zim/zam",NA,"AA"
"NBSZAM253","UTH ","zim/zam",NA,"AA"
"NBSZAM450 ","UTH ","zim/zam",NA,"AA"
"NBSZAM256 ","UTH ","zim/zam",NA,"AA"
"NBSZAM258","UTH ","zim/zam",NA,"AA"
"NBSZAM259","UTH ","zim/zam",NA,"AA"
"NBSZAM261","MFLH ","zim/zam",NA,"AA"
"NBSZAM260","UTH ","zim/zam",NA,"AA"
"NBSZAM262 ","MFLH ","zim/zam",NA,"AA"
"NBSZAM265","MFLH ","zim/zam",NA,"AA"
"NBSZAM264 ","MFLH ","zim/zam",NA,"AA"
"NBSZAM263","MFLH ","zim/zam",NA,"AA"
"NBSZAM348","MFLH ","zim/zam",NA,"AA"
"NBSZAM349","MFLH ","zim/zam",NA,"AA"
"NBSZAM346","MFLH ","zim/zam",NA,"AA"
"NBSZAM344","MFLH ","zim/zam",NA,"AA"
"NBSZAM345","MFLH ","zim/zam",NA,"AA"
"NBSZAM343","MFLH ","zim/zam",NA,"AA"
"NBSZAM176","MFLH ","zim/zam",NA,"AS"
"NBSZAM175","MFLH ","zim/zam",NA,"AA"
"NBSZAM173","MFLH ","zim/zam",NA,"AA"
"NBSZAM174","MFLH ","zim/zam",NA,"AA"
"NBSZAM270","MFLH ","zim/zam",NA,"AA"
"NBSZAM269","MFLH ","zim/zam",NA,"AS"
"NBSZAM180 ","MFLH ","zim/zam",NA,"AA"
"NBSZAM178","MFLH ","zim/zam",NA,"AA"
"NBSZAM179","MFLH ","zim/zam",NA,"AS"
"NBSZAM268","MFLH ","zim/zam",NA,"AA"
"NBSZAM267","MFLH ","zim/zam",NA,"AA"
"NBSZAM266","MFLH ","zim/zam",NA,"AA"
"NBSZAM373","MFLH ","zim/zam",NA,"AA"
"NBSZAM374","MFLH ","zim/zam",NA,"AA"
"NBSZAM375","MFLH ","zim/zam",NA,"AA"
"NBSZAM377","MFLH ","zim/zam",NA,"AA"
"NBSZAM376","MFLH ","zim/zam",NA,"AA"
"NBSZAM378","MFLH ","zim/zam",NA,"AA"
"NBSZAM379","MFLH ","zim/zam",NA,"AA"
"NBSZAM380","MFLH ","zim/zam",NA,"AA"
"NBSZAM110","UTH","zim/zam",NA,"AS"
"NBSZAM425","UTH ","zim/zam",NA,"AA"
"NBSZAM419","UTH ","zim/zam",NA,"AA"
"NBSZAM418","UTH ","zim/zam",NA,"AA"
"NBSZAM181","MFLH ","zim/zam",NA,"AA"
"NBSZAM188 ","UTH ","zim/zam",NA,"AS"
"NBSZAM184","UTH ","zim/zam",NA,"AA"
"NBSZAM444","UTH ","zim/zam",NA,"AA"
"NBSZAM255","UTH ","zim/zam",NA,"AA"
"NBSZAM254","UTH ","zim/zam",NA,"AA"
"NBSZAM430","UTH ","zim/zam",NA,"AA"
"NBSZAM429","UTH ","zim/zam",NA,"AA"
"NBSZAM428","UTH ","zim/zam",NA,"AA"
"NBSZAM427","UTH ","zim/zam",NA,"AA"
"NBSZAM420","UTH ","zim/zam",NA,"AA"
"NBSZAM296","MFLH ","zim/zam",NA,"AA"
"NBSZAM358 ","MFLH ","zim/zam",NA,"AA"
"NBSZAM359","MFLH ","zim/zam",NA,"AS"
"NBSZAM357","MFLH ","zim/zam",NA,"AA"
"NBSZAM356","MFLH ","zim/zam",NA,"AA"
"NBSZAM355","MFLH ","zim/zam",NA,"AA"
"NBSZAM354","MFLH ","zim/zam",NA,"AA"
"NBSZAM353","MFLH ","zim/zam",NA,"AA"
"NBSZAM352","MFLH ","zim/zam",NA,"AA"
"NBSZAM351 ","MFLH ","zim/zam",NA,"AA"
"NBSZAM350","MFLH ","zim/zam",NA,"AA"
"NBSZAM347","MFLH ","zim/zam",NA,"AA"
"NBSZAM339","MFLH ","zim/zam",NA,"AA"
"NBSZAM436","MFLH ","zim/zam",NA,"AA"
"NBSZAM437","MFLH ","zim/zam",NA,"AA"
"NBSZAM438","MFLH ","zim/zam",NA,"AA"
"NBSZAM439","MFLH ","zim/zam",NA,"AA"
"NBSZAM187 ","MFLH ","zim/zam",NA,"AS"
"NBSZAM186","MFLH ","zim/zam",NA,"AA"
"NBSZAM185","MFLH ","zim/zam",NA,"AA"
"NBSZAM183","MFLH ","zim/zam",NA,"AA"
"NBSZAM182","MFLH ","zim/zam",NA,"AA"
"NBSZAM189","MFLH ","zim/zam",NA,"AS"
"NBSZAM394","MFLH ","zim/zam",NA,"AA"
"NBSZAM397","MFLH ","zim/zam",NA,"AA"
"NBSZAM360","MFLH ","zim/zam",NA,"AS"
"NBSZAM395","MFLH ","zim/zam",NA,"AS"
"NBSZAM335","MFLH ","zim/zam",NA,"AA"
"NBSZAM295","MFLH ","zim/zam",NA,"AA"
"NBSZAM292 ","MFLH ","zim/zam",NA,"AA"
"NBSZAM458","MFLH ","zim/zam","AS","AS"
"NBSZAM525","MFLH ","zim/zam","AA","AA"
"NBSZAM455","MFLH ","zim/zam","AA","AA"
"NBSZAM454","MFLH ","zim/zam","AA","AA"
"NBSZAM549 ","MFLH ","zim/zam","AA","AA"
"NBSZAM457","MFLH ","zim/zam","AA","AA"
"NBSZAM548","MFLH ","zim/zam","AA","AA"
"NBSZAM550 ","MFLH ","zim/zam","AA","AA"
"NBSZAM466","MFLH ","zim/zam","AA","AA"
"NBSZAM465 ","MFLH ","zim/zam","AS","AS"
"NBSZAM533","MFLH ","zim/zam","AA","AA"
"NBSZAM531","MFLH ","zim/zam","AA","AA"
"NBSZAM532","MFLH ","zim/zam","AA","AA"
"NBSZAM460 ","MFLH ","zim/zam","AA","AA"
"NBSZAM459","MFLH ","zim/zam","AA","AA"
"NBSZAM462","MFLH ","zim/zam","AA","AA"
"NBSZAM461","MFLH ","zim/zam","AA","AA"
"NBSZAM464","MFLH ","zim/zam","AA","AA"
"NBSZAM463","MFLH ","zim/zam","AA","AA"
"NBSZAM453","MFLH ","zim/zam","AA","AA"
"NBSZAM452","MFLH ","zim/zam","AA","AA"
"NBSZAM526","MFLH ","zim/zam","AA","AA"
"NBSZAM527","MFLH ","zim/zam","AA","AA"
"NBSZAM528 ","MFLH ","zim/zam","AA","AA"
"NBSZAM529 ","MFLH ","zim/zam","AA","AA"
"NBSZAM530","MFLH ","zim/zam","AA","AA"
"NBSZAM534 ","MFLH ","zim/zam","AA","AA"
"NBSZAM535","MFLH ","zim/zam","AA","AA"
"NBSZAM536","MFLH ","zim/zam","AA","AA"
"NBSZAM537 ","MFLH ","zim/zam","AA","AA"
"NBSZAM538 ","MFLH ","zim/zam","AA","AA"
"NBSZAM539 ","MFLH ","zim/zam","AS","AS"
"NBSZAM546","MFLH ","zim/zam","AA","AA"
"NBSZAM540","MFLH ","zim/zam","AA","AA"
"NBSZAM541","MFLH ","zim/zam","AA","AA"
"NBSZAM542","MFLH ","zim/zam","AA","AA"
"NBSZAM543","MFLH ","zim/zam","AA","AA"
"NBSZAM545","MFLH ","zim/zam","AS","SS"
"NBSZAM547","MFLH ","zim/zam","AA","AA"
"NBSZAM451","MFLH ","zim/zam","AA","AA"
"NBSZAM456","MFLH ","zim/zam","AA","AA"
"NBSZAM495","UTH ","zim/zam","AA","AA"
"NBSZAM496","UTH ","zim/zam","AA","AS"
"NBSZAM494","UTH ","zim/zam","AA","AA"
"NBSZAM497","UTH ","zim/zam","AA","AA"
"NBSZAM521","UTH ","zim/zam","AA","AA"
"NBSZAM522","UTH ","zim/zam","AA","AA"
"NBSZAM523","UTH ","zim/zam","AA","AA"
"NBSZAM524","UTH ","zim/zam","AA","AA"
"NBSZAM499","UTH ","zim/zam","AA","AA"
"NBSZAM498","UTH ","zim/zam","AS","AS"
"NBSZAM500","UTH ","zim/zam","AA","AA"
"NBSZAM519","UTH ","zim/zam","AA","AA"
"NBSZAM520 ","UTH ","zim/zam","AA","AA"
"NBSZAM544","MFLH ","zim/zam","AS","AS"
"NBSZAM036","UTH","zim/zam",NA,"AA"
"NBSZAM001","UTH ","zim/zam",NA,"AA"
"NBSZAM002","UTH ","zim/zam",NA,"AA"
"NBSZAM003","UTH ","zim/zam",NA,"AS"
"NBSZAM004","UTH ","zim/zam",NA,"AS"
"NBSZAM005","UTH ","zim/zam",NA,"AA"
"NBSZAM006","UTH ","zim/zam",NA,"AA"
"NBSZAM007","MFLH","zim/zam",NA,"AA"
"NBSZAM008","MFLH ","zim/zam",NA,"AA"
"NBSZAM009","UTH ","zim/zam",NA,"AA"
"NBSZAM010","UTH ","zim/zam",NA,"AA"
"NBSZAM011","UTH ","zim/zam",NA,"AA"
"NBSZAM012","UTH ","zim/zam",NA,"AA"
"NBSZAM013","UTH","zim/zam",NA,"AA"
"NBSZAM014","UTH ","zim/zam",NA,"AA"
"NBSZAM015","UTH ","zim/zam",NA,"AA"
"NBSZAM016","UTH ","zim/zam",NA,"AA"
"NBSZAM017","UTH ","zim/zam",NA,"AA"
"NBSZAM018","UTH ","zim/zam",NA,"AS"
"NBSZAM019","UTH","zim/zam",NA,"AA"
"NBSZAM080","UTH ","zim/zam",NA,"AA"
"NBSZAM070","MFLH","zim/zam",NA,"AA"
"NBSZAM071","MFLH","zim/zam",NA,"AA"
"NBSZAM072","MFLH","zim/zam",NA,"AA"
"NBSZAM073","MFLH","zim/zam",NA,"AA"
"NBSZAM074","MFLH","zim/zam",NA,"AA"
"NBSZAM075","MFLH ","zim/zam",NA,"AA"
"NBSZAM076","MFLH ","zim/zam",NA,"AA"
"NBSZAM077","MFLH ","zim/zam",NA,"AA"
"NBSZAM078","MFLH ","zim/zam",NA,"AA"
"NBSZAM081","UTH","zim/zam",NA,"AA"
"NBSZAM082","UTH ","zim/zam",NA,"AA"
"NBSZAM083","UTH ","zim/zam",NA,"AA"
"NBSZAM084","UTH ","zim/zam",NA,"AA"
"NBSZAM085","UTH ","zim/zam",NA,"AA"
"NBSZAM086","UTH ","zim/zam",NA,"AA"
"NBSZAM087","UTH ","zim/zam",NA,"AA"
"NBSZAM088","UTH ","zim/zam",NA,"AA"
"NBSZAM089","UTH ","zim/zam",NA,"AA"
"NBSZAM090","UTH ","zim/zam",NA,"AA"
"NBSZAM091","UTH ","zim/zam",NA,"AS"
"NBSZAM092","UTH ","zim/zam",NA,"AA"
"NBSZAM093","UTH ","zim/zam",NA,"AS"
"NBSZAM094","UTH ","zim/zam",NA,"AS"
"NBSZAM095","UTH ","zim/zam",NA,"AA"
"NBSZAM096","UTH ","zim/zam",NA,"AS"
"NBSZAM097","UTH ","zim/zam",NA,"AA"
"NBSZAM098","UTH ","zim/zam",NA,"AA"
"NBSZAM099","UTH ","zim/zam",NA,"AA"
"NBSZAM 115","UTH","zim/zam",NA,"AS"
"NBSZAM 116","UTH","zim/zam",NA,"AA"
"NBSZAM 117","UTH","zim/zam",NA,"AA"
"NBSZAM118","UTH","zim/zam",NA,"AA"
"NBSZAM119","UTH","zim/zam",NA,"AS"
"NBSZAM230","UTH","zim/zam",NA,"AS"
"NBSZAM239","UTH","zim/zam",NA,"AS"
"NBSZAM231","Uth","zim/zam",NA,"AA"
"NBSZAM232","UTH ","zim/zam",NA,"AS"
"NBSZAM233","UTH ","zim/zam",NA,"AA"
"NBSZAM234","UTH","zim/zam",NA,"AA"
"NBSZAM235","UTH","zim/zam",NA,"AA"
"NBSZAM236","UTH","zim/zam",NA,"AA"
"NBSZAM237","UTH","zim/zam",NA,"AA"
"NBSZAM238","UTH","zim/zam",NA,"AA"
"NBSZAM100"," UTH ","zim/zam",NA,"AS"
"NBSZAM167","UTH ","zim/zam",NA,"AS"
"NBSZAM168","UTH ","zim/zam",NA,"AS"
"NBSZAM169","UTH ","zim/zam",NA,"AA"
"NBSZAM170","UTH ","zim/zam",NA,"AA"
"NBSZAM171","UTH ","zim/zam",NA,"AA"
"NBSZAM172","UTH ","zim/zam",NA,"AA"
"NBSZAM 120","UTH","zim/zam",NA,"AA"
"NBSZAM 271","UTH","zim/zam",NA,"AA"
"NBSZAM 272","UTH","zim/zam",NA,"AA"
"NBSZAM 273","UTH","zim/zam",NA,"AA"
"NBSZAM 274","UTH","zim/zam",NA,"AS"
"NBSZAM 275","UTH","zim/zam",NA,"AA"
"NBSZAM 276","UTH","zim/zam",NA,"AS"
"NBSZAM 277","UTH","zim/zam",NA,"AA"
"NBSZAM 278","UTH","zim/zam",NA,"AA"
"NBSZAM 279","UTH","zim/zam",NA,"AA"
"NBSZAM145","MFLH","zim/zam",NA,"AA"
"NBSZAM146","MFLH","zim/zam",NA,"AA"
"NBSZAM147","MFLH","zim/zam",NA,"AA"
"NBSZAM148","MFLH","zim/zam",NA,"AA"
"NBSZAM142","MFLH","zim/zam",NA,"AA"
"NBSZAM144","MFLH","zim/zam",NA,"AA"
"NBSZAM143","MFLH","zim/zam",NA,"AA"
"NBSZAM141","MFLH","zim/zam",NA,"AS"
"NBSZAM079","MFLH","zim/zam",NA,"AS"
"NBSZAM 280","UTH","zim/zam",NA,"AA"
"NBSZAM 281","UTH","zim/zam",NA,"AA"
"NBSZAM 282","UTH","zim/zam",NA,"AA"
"NBSZAM 283","UTH","zim/zam",NA,"AA"
"NBSZAM 284","UTH","zim/zam",NA,"AA"
"NBSZAM 285","UTH","zim/zam",NA,"AA"
"NBSZAM 286","UTH","zim/zam",NA,"AA"
"NBSZAM 287","UTH ","zim/zam",NA,"AA"
"NBSZAM 288","UTH ","zim/zam",NA,"AA"
"NBSZAM 289","UTH ","zim/zam",NA,"AS"
"NBSZAM 290","UTH ","zim/zam",NA,"AA"
"NBSZAM 240","UTH","zim/zam",NA,"AA"
"NBSZAM241","UTH","zim/zam",NA,"AA"
"NBSZAM 242","UTH","zim/zam",NA,"AA"
"NBSZAM243","UTH","zim/zam",NA,"AA"
"NBSZAM244","UTH","zim/zam",NA,"AA"
"NBSZAM 245","UTH","zim/zam",NA,"AA"
"NBSZAM 246","UTH","zim/zam",NA,"AA"
"NBSZAM 247","UTH","zim/zam",NA,"AA"
"NBSZAM 248","UTH ","zim/zam",NA,"AA"
"NBSZAM 249","UTH","zim/zam",NA,"AA"
"NBSZAM 250","UTH","zim/zam",NA,"AA"
"NBSZAM311","UTH","zim/zam",NA,"AA"
"NBSZAM312","UTH ","zim/zam",NA,"AA"
"NBSZAM313","UTH ","zim/zam",NA,"AA"
"NBSZAM314","UTH","zim/zam",NA,"AA"
"NBSZAM315","UTH","zim/zam",NA,"AA"
"NBSZAM316","UTH ","zim/zam",NA,"AA"
NA,NA,"zim/zam",NA,NA
NA,NA,"zim/zam",NA,NA
NA,NA,"zim/zam",NA,NA
NA,NA,"zim/zam",NA,NA
NA,NA,"zim/zam",NA,NA
NA,NA,"zim/zam",NA,NA
NA,NA,"zim/zam",NA,NA
NA,NA,"zim/zam",NA,NA
NA,NA,"zim/zam",NA,NA
NA,NA,"zim/zam",NA,NA
NA,NA,"zim/zam",NA,NA
NA,NA,"zim/zam",NA,NA
NA,NA,"zim/zam",NA,NA
NA,NA,"zim/zam",NA,NA
NA,NA,"zim/zam",NA,NA
NA,NA,"zim/zam",NA,NA
NA,NA,"zim/zam",NA,NA
NA,NA,"zim/zam",NA,NA
NA,NA,"zim/zam",NA,NA
NA,NA,"zim/zam",NA,NA
NA,NA,"zim/zam",NA,NA
NA,NA,"zim/zam",NA,NA
NA,NA,"zim/zam",NA,NA
NA,NA,"zim/zam",NA,NA
NA,NA,"zim/zam",NA,NA
NA,NA,"zim/zam",NA,NA
NA,NA,"zim/zam",NA,NA
NA,NA,"zim/zam",NA,NA
NA,NA,"zim/zam",NA,NA
NA,NA,"zim/zam",NA,NA
NA,NA,"zim/zam",NA,NA
NA,NA,"zim/zam",NA,NA
NA,NA,"zim/zam",NA,NA
NA,NA,"zim/zam",NA,NA
NA,NA,"zim/zam",NA,NA
NA,NA,"zim/zam",NA,NA
NA,NA,"zim/zam",NA,NA
NA,NA,"zim/zam",NA,NA
NA,NA,"zim/zam",NA,NA
NA,NA,"zim/zam",NA,NA
NA,NA,"zim/zam",NA,NA
NA,NA,"zim/zam",NA,NA
NA,NA,"zim/zam",NA,NA
NA,NA,"zim/zam",NA,NA
NA,NA,"zim/zam",NA,NA
NA,NA,"zim/zam",NA,NA
NA,NA,"zim/zam",NA,NA
NA,NA,"zim/zam",NA,NA
NA,NA,"zim/zam",NA,NA
NA,NA,"zim/zam",NA,NA
NA,NA,"zim/zam",NA,NA
NA,NA,"zim/zam",NA,NA
NA,NA,"zim/zam",NA,NA
NA,NA,"zim/zam",NA,NA
NA,NA,"zim/zam",NA,NA
NA,NA,"zim/zam",NA,NA
NA,NA,"zim/zam",NA,NA
NA,NA,"zim/zam",NA,NA
NA,NA,"zim/zam",NA,NA
NA,NA,"zim/zam",NA,NA
NA,NA,"zim/zam",NA,NA
NA,NA,"zim/zam",NA,NA
NA,NA,"zim/zam",NA,NA
NA,NA,"zim/zam",NA,NA
NA,NA,"zim/zam",NA,NA
NA,NA,"zim/zam",NA,NA
NA,NA,"zim/zam",NA,NA
NA,NA,"zim/zam",NA,NA
NA,NA,"zim/zam",NA,NA
NA,NA,"zim/zam",NA,NA
NA,NA,"zim/zam",NA,NA
NA,NA,"zim/zam",NA,NA
NA,NA,"zim/zam",NA,NA
NA,NA,"zim/zam",NA,NA
NA,NA,"zim/zam",NA,NA
NA,NA,"zim/zam",NA,NA
NA,NA,"zim/zam",NA,NA
NA,NA,"zim/zam",NA,NA
NA,NA,"zim/zam",NA,NA
NA,NA,"zim/zam",NA,NA
NA,NA,"zim/zam",NA,NA
NA,NA,"zim/zam",NA,NA
NA,NA,"zim/zam",NA,NA
NA,NA,"zim/zam",NA,NA
NA,NA,"zim/zam",NA,NA
NA,NA,"zim/zam",NA,NA
NA,NA,"zim/zam",NA,NA
NA,NA,"zim/zam",NA,NA
NA,NA,"zim/zam",NA,NA
NA,NA,"zim/zam",NA,NA
NA,NA,"zim/zam",NA,NA
NA,NA,"zim/zam",NA,NA
NA,NA,"zim/zam",NA,NA
NA,NA,"zim/zam",NA,NA
NA,NA,"zim/zam",NA,NA
NA,NA,"zim/zam",NA,NA
NA,NA,"zim/zam",NA,NA
NA,NA,"zim/zam",NA,NA
NA,NA,"zim/zam",NA,NA
NA,NA,"zim/zam",NA,NA
"NBSZAM020","UTH","zim/zam",NA,"AS"
"NBSZAM021","UTH","zim/zam",NA,"AA"
"NBSZAM022","UTH","zim/zam",NA,"SS"
"NBSZAM024","UTH","zim/zam",NA,"AA"
"NBSZAM023","UTH","zim/zam",NA,"AS"
"NBSZAM025","UTH","zim/zam",NA,"AA"
"NBSZAM026","UTH","zim/zam",NA,"AA"
"NBSZAM040","UTH","zim/zam",NA,"AA"
"NBSZAM041","UTH","zim/zam",NA,"AA"
"NBSZAM042","UTH","zim/zam",NA,"AA"
"NBSZAM043","UTH","zim/zam",NA,"AS"
"NBSZAM044","UTH","zim/zam",NA,"AS"
"NBSZAM045","UTH","zim/zam",NA,"AA"
"NBSZAM046","MFLH","zim/zam",NA,"AA"
"NBSZAM047","UTH","zim/zam",NA,"AA"
"NBSZAM048","UTH","zim/zam",NA,"AS"
"NBSZAM027","UTH","zim/zam",NA,"AA"
"NBSZAM060","MFLH","zim/zam",NA,"AA"
"NBSZAM061","MFLH","zim/zam",NA,"AA"
"NBSZAM062","MFLH","zim/zam",NA,"AA"
"NBSZAM063","MFLH","zim/zam",NA,"AA"
"NBSZAM064","MFLH","zim/zam",NA,"AA"
"NBSZAM065","MFLH","zim/zam",NA,"AS"
"NBSZAM066","MFLH","zim/zam",NA,"AA"
"NBSZAM067","MFLH","zim/zam",NA,"AA"
"NBSZAM068","MFLH","zim/zam",NA,"AA"
"NBSZAM049","MFLH","zim/zam",NA,"AA"
"NBSZAM050","MFLH","zim/zam",NA,"AA"
"NBSZAM051","UTH","zim/zam",NA,"AA"
"NBSZAM052","UTH","zim/zam",NA,"AA"
"NBSZAM053","UTH","zim/zam",NA,"AA"
"NBSZAM054","UTH","zim/zam",NA,"AS"
"NBSZAM055","UTH","zim/zam",NA,"AS"
"NBSZAM069","MFLH","zim/zam",NA,"AA"
"NBSZAM028","MFLH","zim/zam",NA,"AA"
"NBSZAM029","MFLH","zim/zam",NA,"AS"
"NBSZAM030","UTH","zim/zam",NA,"AS"
"NBSZAM031","UTH","zim/zam",NA,"AA"
"NBSZAM032","UTH","zim/zam",NA,"AA"
"NBSZAM033","UTH","zim/zam",NA,"AA"
"NBSZAM034","UTH","zim/zam",NA,"AA"
"NBSZAM035","UTH","zim/zam",NA,"AA"
"NBSZAM056","UTH","zim/zam",NA,"AA"
"NBSZAM057","UTH","zim/zam",NA,"AA"
"NBSZAM058","UTH","zim/zam",NA,"AA"
"NBSZAM059","UTH","zim/zam",NA,"AA"
"NBSZAM121","UTH","zim/zam",NA,"AA"
"NBSZAM122","UTH","zim/zam",NA,"AS"
"NBSZAM123","UTH","zim/zam",NA,"AA"
"NBSZAM124","UTH","zim/zam",NA,"AA"
"NBSZAM037","UTH","zim/zam",NA,"AA"
"NBSZAM038","UTH","zim/zam",NA,"AA"
"NBSZAM039","UTH","zim/zam",NA,"AS"
"NBSZAM101","UTH","zim/zam",NA,"AS"
"NBSZAM102","UTH","zim/zam",NA,"AA"
"NBSZAM103","UTH","zim/zam",NA,"AA"
"NBSZAM104","UTH","zim/zam",NA,"AA"
"NBSZAM125","UTH","zim/zam",NA,"AA"
"NBSZAM126","UTH","zim/zam",NA,"AA"
"NBSZAM127","UTH","zim/zam",NA,"AS"
"NBSZAM129","UTH","zim/zam",NA,"AA"
"NBSZAM130","UTH","zim/zam",NA,"AA"
"NBSZAM131","UTH","zim/zam",NA,"AA"
"NBSZAM128","UTH","zim/zam",NA,"AS"
"NBSZAM132","UTH","zim/zam",NA,"AA"
"NBSZAM133","UTH","zim/zam",NA,"AA"
"NBSZAM134","UTH","zim/zam",NA,"AS"
"NBSZAM135","UTH","zim/zam",NA,"AA"
"NBSZAM136","UTH","zim/zam",NA,"AA"
"NBSZAM137","UTH","zim/zam",NA,"AA"
"NBSZAM138","UTH","zim/zam",NA,"AA"
"NBSZAM139","UTH","zim/zam",NA,"AA"
"NBSZAM140","UTH","zim/zam",NA,"AA"
"NBSZAM211","UTH","zim/zam",NA,"AS"
"NBSZAM212","UTH","zim/zam",NA,"AA"
"NBSZAM213","UTH","zim/zam",NA,"AA"
"NBSZAM214","UTH","zim/zam",NA,"AA"
"NBSZAM215","UTH","zim/zam",NA,"AA"
"NBSZAM216","UTH","zim/zam",NA,"AS"
"NBSZAM217","UTH","zim/zam",NA,"AS"
"NBSZAM218","UTH","zim/zam",NA,"AA"
"NBSZAM219","UTH","zim/zam",NA,"AA"
"NBSZAM220","UTH","zim/zam",NA,"AA"
"NBSZAM221","UTH","zim/zam",NA,"AA"
"NBSZAM222","UTH","zim/zam",NA,"AA"
"NBSZAM223","UTH","zim/zam",NA,"AA"
"NBSZAM105","UTH","zim/zam",NA,"AS"
"NBSZAM106","UTH","zim/zam",NA,"AA"
"NBSZAM107","UTH","zim/zam",NA,"AA"
"NBSZAM108","UTH","zim/zam",NA,"AS"
"NBSZAM109","UTH","zim/zam",NA,"AA"
"NBSZAM111","UTH","zim/zam",NA,"AA"
"NBSZAM112","UTH","zim/zam",NA,"AA"
"NBSZAM113","UTH","zim/zam",NA,"AA"
"NBSZAM114","UTH","zim/zam",NA,"AA"
"NBSZAM224","UTH","zim/zam",NA,"AS"
"NBSZAM225","UTH","zim/zam",NA,"AA"
"NBSZAM226","UTH","zim/zam",NA,"AA"
"NBSZAM227","UTH","zim/zam",NA,"AA"
"NBSZAM228","UTH","zim/zam",NA,"AA"
"NBSZAM229","UTH","zim/zam",NA,"AA"
"NBSZAM149","MFLH","zim/zam",NA,"AA"
"NBSZAM150","MFLH","zim/zam",NA,"AA"
"NBSZAM151","MFLH","zim/zam",NA,"AA"
"NBSZAM152","MFLH","zim/zam",NA,"AA"
"NBSZAM153","MFLH","zim/zam",NA,"AA"
"NBSZAM154","MFLH","zim/zam",NA,"AA"
"NBSZAM155","MFLH","zim/zam",NA,"SS"
"NBSZAM366","MFLH","zim/zam",NA,"AA"
"NBSZAM156","MFLH ","zim/zam",NA,"AA"
"NBSZAM381","MFLH ","zim/zam",NA,"AS"
"NBSZAM384","MFLH ","zim/zam",NA,"AS"
"NBSZAM385","MFLH ","zim/zam",NA,"AA"
"NBSZAM386","UTH","zim/zam",NA,"AA"
"NBSZAM387","UTH ","zim/zam",NA,"AA"
"NBSZAM163","MFLH ","zim/zam",NA,"AA"
"NBSZAM164","MFLH ","zim/zam",NA,"AA"
"NBSZAM162","MFLH ","zim/zam",NA,"AS"
"NBSZAM165","MFLH ","zim/zam",NA,"AA"
"NBSZAM157","MFLH","zim/zam",NA,"AA"
"NBSZAM161","MFLH ","zim/zam",NA,"AA"
"NBSZAM362","UTH ","zim/zam",NA,"AA"
"NBSZAM364","UTH ","zim/zam",NA,"AS"
"NBSZAM158","MFLH ","zim/zam",NA,"AA"
"NBSZAM159","MFLH ","zim/zam",NA,"AA"
"NBSZAM383","UTH ","zim/zam",NA,"AA"
"NBSZAM363","MFLH ","zim/zam",NA,"AA"
"NBSZAM365","UTH ","zim/zam",NA,"AA"
"NBSZAM382","MFLH ","zim/zam",NA,"AA"
"NBSZAM361","UTH ","zim/zam",NA,"AA"
"NBSZAM388","UTH ","zim/zam",NA,"AA"
"NBSZAM389","UTH ","zim/zam",NA,"AA"
"NBSZAM166","MFLH ","zim/zam",NA,"AA"
"NBSZAM177","MFLH ","zim/zam",NA,"AA"
"NBSZAM368","UTH ","zim/zam",NA,"AS"
"NBSZAM367","UTH ","zim/zam",NA,"AA"
"NBSZAM369","UTH ","zim/zam",NA,"AA"
"NBSZAM393","UTH ","zim/zam",NA,"AA"
"NBSZAM392","UTH ","zim/zam",NA,"AA"
"NBSZAM391","UTH ","zim/zam",NA,"AA"
"NBSZAM390","UTH ","zim/zam",NA,"AA"
"NBSZAM396","MFLH ","zim/zam",NA,"AA"
"NBSZAM 372","MFLH ","zim/zam",NA,"AS"
"NBSZAM371","MFLH ","zim/zam",NA,"AA"
"NBSZAM 307","MFLH ","zim/zam",NA,"AA"
"NBSZAM 305","MFLH ","zim/zam",NA,"AA"
"NBSZAM 308","MFLH ","zim/zam",NA,"AA"
"NBSZAM 304 ","MFLH ","zim/zam",NA,"AA"
"NBSZAM 309","MFLH ","zim/zam",NA,"AA"
"NBSZAM399","MFLH ","zim/zam",NA,"AA"
"NBSZAM341 ","MFLH ","zim/zam",NA,"AA"
"NBSZAM340","MFLH ","zim/zam",NA,"AA"
"NBSZAM338 ","MFLH ","zim/zam",NA,"AA"
"NBSZAM257","UTH ","zim/zam",NA,"AA"
"NBSZAM400","MFLH ","zim/zam",NA,"AA"
"NBSZAM334","MFLH ","zim/zam",NA,"AA"
"NBSZAM336 ","MFLH ","zim/zam",NA,"AA"
"NBSZAM337","MFLH ","zim/zam",NA,"AA"
"NBSZAM297","MFLH ","zim/zam",NA,"AS"
"NBSZAM303","MFLH ","zim/zam",NA,"AA"
"NBSZAM298","MFLH ","zim/zam",NA,"AA"
"NBSZAM310","MFLH ","zim/zam",NA,"AA"
"NBSZAM306","MFLH ","zim/zam",NA,"AS"
"NBSZAM302","MFLH ","zim/zam",NA,"AA"
"NBSZAM398","MFLH ","zim/zam",NA,"AA"
"NBSZAM342","MFLH ","zim/zam",NA,"AA"
"NBSZAM293","MFLH ","zim/zam",NA,"AA"
"NBSZAM294 ","MFLH ","zim/zam",NA,"AA"
"NBSZAM300","MFLH ","zim/zam",NA,"AA"
"NBSZAM299","MFLH ","zim/zam",NA,"AS"
"NBSZAM160","MFLH ","zim/zam",NA,"AA"
"NBSZAM291","MFLH ","zim/zam",NA,"AA"
"NBSZAM301","MFLH ","zim/zam",NA,"AA"
"NBSZAM370","MFLH ","zim/zam",NA,"AA"
"NBSZAM411","UTH ","zim/zam",NA,"AA"
"NBSZAM412","UTH ","zim/zam",NA,"AA"
"NBSZAM413","UTH ","zim/zam",NA,"AA"
"NBSZAM414","UTH ","zim/zam",NA,"AA"
"NBSZAM445","UTH ","zim/zam",NA,"AA"
"NBSZAM446","UTH ","zim/zam",NA,"AA"
"NBSZAM415","UTH ","zim/zam",NA,"AS"
"NBSZAM416","UTH ","zim/zam",NA,"AA"
"NBSZAM417","UTH ","zim/zam",NA,"AA"
"NBSZAM409","UTH ","zim/zam",NA,"AA"
"NBSZAM410","UTH ","zim/zam",NA,"AA"
"NBSZAM421 ","UTH ","zim/zam",NA,"AA"
"NBSZAM422","UTH ","zim/zam",NA,"AA"
"NBSZAM423 ","UTH ","zim/zam",NA,"AS"
"NBSZAM424","UTH ","zim/zam",NA,"AA"
"NBSZAM426","UTH ","zim/zam",NA,"AS"
"NBSZAM447","UTH ","zim/zam",NA,"AA"
"NBSZAM448","UTH ","zim/zam",NA,"AA"
"NBSZAM449","UTH ","zim/zam",NA,"AA"
"NBSZAM251","UTH ","zim/zam",NA,"AA"
"NBSZAM252","UTH ","zim/zam",NA,"AA"
"NBSZAM253","UTH ","zim/zam",NA,"AA"
"NBSZAM450 ","UTH ","zim/zam",NA,"AA"
"NBSZAM256 ","UTH ","zim/zam",NA,"AA"
"NBSZAM258","UTH ","zim/zam",NA,"AA"
"NBSZAM259","UTH ","zim/zam",NA,"AA"
"NBSZAM261","MFLH ","zim/zam",NA,"AA"
"NBSZAM260","UTH ","zim/zam",NA,"AA"
"NBSZAM262 ","MFLH ","zim/zam",NA,"AA"
"NBSZAM265","MFLH ","zim/zam",NA,"AA"
"NBSZAM264 ","MFLH ","zim/zam",NA,"AA"
"NBSZAM263","MFLH ","zim/zam",NA,"AA"
"NBSZAM348","MFLH ","zim/zam",NA,"AA"
"NBSZAM349","MFLH ","zim/zam",NA,"AA"
"NBSZAM346","MFLH ","zim/zam",NA,"AA"
"NBSZAM344","MFLH ","zim/zam",NA,"AA"
"NBSZAM345","MFLH ","zim/zam",NA,"AA"
"NBSZAM343","MFLH ","zim/zam",NA,"AA"
"NBSZAM176","MFLH ","zim/zam",NA,"AS"
"NBSZAM175","MFLH ","zim/zam",NA,"AA"
"NBSZAM173","MFLH ","zim/zam",NA,"AA"
"NBSZAM174","MFLH ","zim/zam",NA,"AA"
"NBSZAM270","MFLH ","zim/zam",NA,"AA"
"NBSZAM269","MFLH ","zim/zam",NA,"AS"
"NBSZAM180 ","MFLH ","zim/zam",NA,"AA"
"NBSZAM178","MFLH ","zim/zam",NA,"AA"
"NBSZAM179","MFLH ","zim/zam",NA,"AS"
"NBSZAM268","MFLH ","zim/zam",NA,"AA"
"NBSZAM267","MFLH ","zim/zam",NA,"AA"
"NBSZAM266","MFLH ","zim/zam",NA,"AA"
"NBSZAM373","MFLH ","zim/zam",NA,"AA"
"NBSZAM374","MFLH ","zim/zam",NA,"AA"
"NBSZAM375","MFLH ","zim/zam",NA,"AA"
"NBSZAM377","MFLH ","zim/zam",NA,"AA"
"NBSZAM376","MFLH ","zim/zam",NA,"AA"
"NBSZAM378","MFLH ","zim/zam",NA,"AA"
"NBSZAM379","MFLH ","zim/zam",NA,"AA"
"NBSZAM380","MFLH ","zim/zam",NA,"AA"
"NBSZAM110","UTH","zim/zam",NA,"AS"
"NBSZAM425","UTH ","zim/zam",NA,"AA"
"NBSZAM419","UTH ","zim/zam",NA,"AA"
"NBSZAM418","UTH ","zim/zam",NA,"AA"
"NBSZAM181","MFLH ","zim/zam",NA,"AA"
"NBSZAM188 ","UTH ","zim/zam",NA,"AS"
"NBSZAM184","UTH ","zim/zam",NA,"AA"
"NBSZAM444","UTH ","zim/zam",NA,"AA"
"NBSZAM255","UTH ","zim/zam",NA,"AA"
"NBSZAM254","UTH ","zim/zam",NA,"AA"
"NBSZAM430","UTH ","zim/zam",NA,"AA"
"NBSZAM429","UTH ","zim/zam",NA,"AA"
"NBSZAM428","UTH ","zim/zam",NA,"AA"
"NBSZAM427","UTH ","zim/zam",NA,"AA"
"NBSZAM420","UTH ","zim/zam",NA,"AA"
"NBSZAM296","MFLH ","zim/zam",NA,"AA"
"NBSZAM358 ","MFLH ","zim/zam",NA,"AA"
"NBSZAM359","MFLH ","zim/zam",NA,"AS"
"NBSZAM357","MFLH ","zim/zam",NA,"AA"
"NBSZAM356","MFLH ","zim/zam",NA,"AA"
"NBSZAM355","MFLH ","zim/zam",NA,"AA"
"NBSZAM354","MFLH ","zim/zam",NA,"AA"
"NBSZAM353","MFLH ","zim/zam",NA,"AA"
"NBSZAM352","MFLH ","zim/zam",NA,"AA"
"NBSZAM351 ","MFLH ","zim/zam",NA,"AA"
"NBSZAM350","MFLH ","zim/zam",NA,"AA"
"NBSZAM347","MFLH ","zim/zam",NA,"AA"
"NBSZAM339","MFLH ","zim/zam",NA,"AA"
"NBSZAM436","MFLH ","zim/zam",NA,"AA"
"NBSZAM437","MFLH ","zim/zam",NA,"AA"
"NBSZAM438","MFLH ","zim/zam",NA,"AA"
"NBSZAM439","MFLH ","zim/zam",NA,"AA"
"NBSZAM187 ","MFLH ","zim/zam",NA,"AS"
"NBSZAM186","MFLH ","zim/zam",NA,"AA"
"NBSZAM185","MFLH ","zim/zam",NA,"AA"
"NBSZAM183","MFLH ","zim/zam",NA,"AA"
"NBSZAM182","MFLH ","zim/zam",NA,"AA"
"NBSZAM189","MFLH ","zim/zam",NA,"AS"
"NBSZAM394","MFLH ","zim/zam",NA,"AA"
"NBSZAM397","MFLH ","zim/zam",NA,"AA"
"NBSZAM360","MFLH ","zim/zam",NA,"AS"
"NBSZAM395","MFLH ","zim/zam",NA,"AS"
"NBSZAM335","MFLH ","zim/zam",NA,"AA"
"NBSZAM295","MFLH ","zim/zam",NA,"AA"
"NBSZAM292 ","MFLH ","zim/zam",NA,"AA"
"NBSZAM458","MFLH ","zim/zam","AS","AS"
"NBSZAM525","MFLH ","zim/zam","AA","AA"
"NBSZAM455","MFLH ","zim/zam","AA","AA"
"NBSZAM454","MFLH ","zim/zam","AA","AA"
"NBSZAM549 ","MFLH ","zim/zam","AA","AA"
"NBSZAM457","MFLH ","zim/zam","AA","AA"
"NBSZAM548","MFLH ","zim/zam","AA","AA"
"NBSZAM550 ","MFLH ","zim/zam","AA","AA"
"NBSZAM466","MFLH ","zim/zam","AA","AA"
"NBSZAM465 ","MFLH ","zim/zam","AS","AS"
"NBSZAM533","MFLH ","zim/zam","AA","AA"
"NBSZAM531","MFLH ","zim/zam","AA","AA"
"NBSZAM532","MFLH ","zim/zam","AA","AA"
"NBSZAM460 ","MFLH ","zim/zam","AA","AA"
"NBSZAM459","MFLH ","zim/zam","AA","AA"
"NBSZAM462","MFLH ","zim/zam","AA","AA"
"NBSZAM461","MFLH ","zim/zam","AA","AA"
"NBSZAM464","MFLH ","zim/zam","AA","AA"
"NBSZAM463","MFLH ","zim/zam","AA","AA"
"NBSZAM453","MFLH ","zim/zam","AA","AA"
"NBSZAM452","MFLH ","zim/zam","AA","AA"
"NBSZAM526","MFLH ","zim/zam","AA","AA"
"NBSZAM527","MFLH ","zim/zam","AA","AA"
"NBSZAM528 ","MFLH ","zim/zam","AA","AA"
"NBSZAM529 ","MFLH ","zim/zam","AA","AA"
"NBSZAM530","MFLH ","zim/zam","AA","AA"
"NBSZAM534 ","MFLH ","zim/zam","AA","AA"
"NBSZAM535","MFLH ","zim/zam","AA","AA"
"NBSZAM536","MFLH ","zim/zam","AA","AA"
"NBSZAM537 ","MFLH ","zim/zam","AA","AA"
"NBSZAM538 ","MFLH ","zim/zam","AA","AA"
"NBSZAM539 ","MFLH ","zim/zam","AS","AS"
"NBSZAM546","MFLH ","zim/zam","AA","AA"
"NBSZAM540","MFLH ","zim/zam","AA","AA"
"NBSZAM541","MFLH ","zim/zam","AA","AA"
"NBSZAM542","MFLH ","zim/zam","AA","AA"
"NBSZAM543","MFLH ","zim/zam","AA","AA"
"NBSZAM545","MFLH ","zim/zam","AS","SS"
"NBSZAM547","MFLH ","zim/zam","AA","AA"
"NBSZAM451","MFLH ","zim/zam","AA","AA"
"NBSZAM456","MFLH ","zim/zam","AA","AA"
"NBSZAM495","UTH ","zim/zam","AA","AA"
"NBSZAM496","UTH ","zim/zam","AA","AS"
"NBSZAM494","UTH ","zim/zam","AA","AA"
"NBSZAM497","UTH ","zim/zam","AA","AA"
"NBSZAM521","UTH ","zim/zam","AA","AA"
"NBSZAM522","UTH ","zim/zam","AA","AA"
"NBSZAM523","UTH ","zim/zam","AA","AA"
"NBSZAM524","UTH ","zim/zam","AA","AA"
"NBSZAM499","UTH ","zim/zam","AA","AA"
"NBSZAM498","UTH ","zim/zam","AS","AS"
"NBSZAM500","UTH ","zim/zam","AA","AA"
"NBSZAM519","UTH ","zim/zam","AA","AA"
"NBSZAM520 ","UTH ","zim/zam","AA","AA"
"NBSZAM544","MFLH ","zim/zam","AS","AS"
"NBSZAM036","UTH","zim/zam",NA,"AA"
"NBSZAM001","UTH ","zim/zam",NA,"AA"
"NBSZAM002","UTH ","zim/zam",NA,"AA"
"NBSZAM003","UTH ","zim/zam",NA,"AS"
"NBSZAM004","UTH ","zim/zam",NA,"AS"
"NBSZAM005","UTH ","zim/zam",NA,"AA"
"NBSZAM006","UTH ","zim/zam",NA,"AA"
"NBSZAM007","MFLH","zim/zam",NA,"AA"
"NBSZAM008","MFLH ","zim/zam",NA,"AA"
"NBSZAM009","UTH ","zim/zam",NA,"AA"
"NBSZAM010","UTH ","zim/zam",NA,"AA"
"NBSZAM011","UTH ","zim/zam",NA,"AA"
"NBSZAM012","UTH ","zim/zam",NA,"AA"
"NBSZAM013","UTH","zim/zam",NA,"AA"
"NBSZAM014","UTH ","zim/zam",NA,"AA"
"NBSZAM015","UTH ","zim/zam",NA,"AA"
"NBSZAM016","UTH ","zim/zam",NA,"AA"
"NBSZAM017","UTH ","zim/zam",NA,"AA"
"NBSZAM018","UTH ","zim/zam",NA,"AS"
"NBSZAM019","UTH","zim/zam",NA,"AA"
"NBSZAM080","UTH ","zim/zam",NA,"AA"
"NBSZAM070","MFLH","zim/zam",NA,"AA"
"NBSZAM071","MFLH","zim/zam",NA,"AA"
"NBSZAM072","MFLH","zim/zam",NA,"AA"
"NBSZAM073","MFLH","zim/zam",NA,"AA"
"NBSZAM074","MFLH","zim/zam",NA,"AA"
"NBSZAM075","MFLH ","zim/zam",NA,"AA"
"NBSZAM076","MFLH ","zim/zam",NA,"AA"
"NBSZAM077","MFLH ","zim/zam",NA,"AA"
"NBSZAM078","MFLH ","zim/zam",NA,"AA"
"NBSZAM081","UTH","zim/zam",NA,"AA"
"NBSZAM082","UTH ","zim/zam",NA,"AA"
"NBSZAM083","UTH ","zim/zam",NA,"AA"
"NBSZAM084","UTH ","zim/zam",NA,"AA"
"NBSZAM085","UTH ","zim/zam",NA,"AA"
"NBSZAM086","UTH ","zim/zam",NA,"AA"
"NBSZAM087","UTH ","zim/zam",NA,"AA"
"NBSZAM088","UTH ","zim/zam",NA,"AA"
"NBSZAM089","UTH ","zim/zam",NA,"AA"
"NBSZAM090","UTH ","zim/zam",NA,"AA"
"NBSZAM091","UTH ","zim/zam",NA,"AS"
"NBSZAM092","UTH ","zim/zam",NA,"AA"
"NBSZAM093","UTH ","zim/zam",NA,"AS"
"NBSZAM094","UTH ","zim/zam",NA,"AS"
"NBSZAM095","UTH ","zim/zam",NA,"AA"
"NBSZAM096","UTH ","zim/zam",NA,"AS"
"NBSZAM097","UTH ","zim/zam",NA,"AA"
"NBSZAM098","UTH ","zim/zam",NA,"AA"
"NBSZAM099","UTH ","zim/zam",NA,"AA"
"NBSZAM 115","UTH","zim/zam",NA,"AS"
"NBSZAM 116","UTH","zim/zam",NA,"AA"
"NBSZAM 117","UTH","zim/zam",NA,"AA"
"NBSZAM118","UTH","zim/zam",NA,"AA"
"NBSZAM119","UTH","zim/zam",NA,"AS"
"NBSZAM230","UTH","zim/zam",NA,"AS"
"NBSZAM239","UTH","zim/zam",NA,"AS"
"NBSZAM231","Uth","zim/zam",NA,"AA"
"NBSZAM232","UTH ","zim/zam",NA,"AS"
"NBSZAM233","UTH ","zim/zam",NA,"AA"
"NBSZAM234","UTH","zim/zam",NA,"AA"
"NBSZAM235","UTH","zim/zam",NA,"AA"
"NBSZAM236","UTH","zim/zam",NA,"AA"
"NBSZAM237","UTH","zim/zam",NA,"AA"
"NBSZAM238","UTH","zim/zam",NA,"AA"
"NBSZAM100"," UTH ","zim/zam",NA,"AS"
"NBSZAM167","UTH ","zim/zam",NA,"AS"
"NBSZAM168","UTH ","zim/zam",NA,"AS"
"NBSZAM169","UTH ","zim/zam",NA,"AA"
"NBSZAM170","UTH ","zim/zam",NA,"AA"
"NBSZAM171","UTH ","zim/zam",NA,"AA"
"NBSZAM172","UTH ","zim/zam",NA,"AA"
"NBSZAM 120","UTH","zim/zam",NA,"AA"
"NBSZAM 271","UTH","zim/zam",NA,"AA"
"NBSZAM 272","UTH","zim/zam",NA,"AA"
"NBSZAM 273","UTH","zim/zam",NA,"AA"
"NBSZAM 274","UTH","zim/zam",NA,"AS"
"NBSZAM 275","UTH","zim/zam",NA,"AA"
"NBSZAM 276","UTH","zim/zam",NA,"AS"
"NBSZAM 277","UTH","zim/zam",NA,"AA"
"NBSZAM 278","UTH","zim/zam",NA,"AA"
"NBSZAM 279","UTH","zim/zam",NA,"AA"
"NBSZAM145","MFLH","zim/zam",NA,"AA"
"NBSZAM146","MFLH","zim/zam",NA,"AA"
"NBSZAM147","MFLH","zim/zam",NA,"AA"
"NBSZAM148","MFLH","zim/zam",NA,"AA"
"NBSZAM142","MFLH","zim/zam",NA,"AA"
"NBSZAM144","MFLH","zim/zam",NA,"AA"
"NBSZAM143","MFLH","zim/zam",NA,"AA"
"NBSZAM141","MFLH","zim/zam",NA,"AS"
"NBSZAM079","MFLH","zim/zam",NA,"AS"
"NBSZAM 280","UTH","zim/zam",NA,"AA"
"NBSZAM 281","UTH","zim/zam",NA,"AA"
"NBSZAM 282","UTH","zim/zam",NA,"AA"
"NBSZAM 283","UTH","zim/zam",NA,"AA"
"NBSZAM 284","UTH","zim/zam",NA,"AA"
"NBSZAM 285","UTH","zim/zam",NA,"AA"
"NBSZAM 286","UTH","zim/zam",NA,"AA"
"NBSZAM 287","UTH ","zim/zam",NA,"AA"
"NBSZAM 288","UTH ","zim/zam",NA,"AA"
"NBSZAM 289","UTH ","zim/zam",NA,"AS"
"NBSZAM 290","UTH ","zim/zam",NA,"AA"
"NBSZAM 240","UTH","zim/zam",NA,"AA"
"NBSZAM241","UTH","zim/zam",NA,"AA"
"NBSZAM 242","UTH","zim/zam",NA,"AA"
"NBSZAM243","UTH","zim/zam",NA,"AA"
"NBSZAM244","UTH","zim/zam",NA,"AA"
"NBSZAM 245","UTH","zim/zam",NA,"AA"
"NBSZAM 246","UTH","zim/zam",NA,"AA"
"NBSZAM 247","UTH","zim/zam",NA,"AA"
"NBSZAM 248","UTH ","zim/zam",NA,"AA"
"NBSZAM 249","UTH","zim/zam",NA,"AA"
"NBSZAM 250","UTH","zim/zam",NA,"AA"
"NBSZAM311","UTH","zim/zam",NA,"AA"
"NBSZAM312","UTH ","zim/zam",NA,"AA"
"NBSZAM313","UTH ","zim/zam",NA,"AA"
"NBSZAM314","UTH","zim/zam",NA,"AA"
"NBSZAM315","UTH","zim/zam",NA,"AA"
"NBSZAM316","UTH ","zim/zam",NA,"AA"
NA,NA,"zim/zam",NA,NA
NA,NA,"zim/zam",NA,NA
NA,NA,"zim/zam",NA,NA
NA,NA,"zim/zam",NA,NA
NA,NA,"zim/zam",NA,NA
NA,NA,"zim/zam",NA,NA
NA,NA,"zim/zam",NA,NA
NA,NA,"zim/zam",NA,NA
NA,NA,"zim/zam",NA,NA
NA,NA,"zim/zam",NA,NA
NA,NA,"zim/zam",NA,NA
NA,NA,"zim/zam",NA,NA
NA,NA,"zim/zam",NA,NA
NA,NA,"zim/zam",NA,NA
NA,NA,"zim/zam",NA,NA
NA,NA,"zim/zam",NA,NA
NA,NA,"zim/zam",NA,NA
NA,NA,"zim/zam",NA,NA
NA,NA,"zim/zam",NA,NA
NA,NA,"zim/zam",NA,NA
NA,NA,"zim/zam",NA,NA
NA,NA,"zim/zam",NA,NA
NA,NA,"zim/zam",NA,NA
NA,NA,"zim/zam",NA,NA
NA,NA,"zim/zam",NA,NA
NA,NA,"zim/zam",NA,NA
NA,NA,"zim/zam",NA,NA
NA,NA,"zim/zam",NA,NA
NA,NA,"zim/zam",NA,NA
NA,NA,"zim/zam",NA,NA
NA,NA,"zim/zam",NA,NA
NA,NA,"zim/zam",NA,NA
NA,NA,"zim/zam",NA,NA
NA,NA,"zim/zam",NA,NA
NA,NA,"zim/zam",NA,NA
NA,NA,"zim/zam",NA,NA
NA,NA,"zim/zam",NA,NA
NA,NA,"zim/zam",NA,NA
NA,NA,"zim/zam",NA,NA
NA,NA,"zim/zam",NA,NA
NA,NA,"zim/zam",NA,NA
NA,NA,"zim/zam",NA,NA
NA,NA,"zim/zam",NA,NA
NA,NA,"zim/zam",NA,NA
NA,NA,"zim/zam",NA,NA
NA,NA,"zim/zam",NA,NA
NA,NA,"zim/zam",NA,NA
NA,NA,"zim/zam",NA,NA
NA,NA,"zim/zam",NA,NA
NA,NA,"zim/zam",NA,NA
NA,NA,"zim/zam",NA,NA
NA,NA,"zim/zam",NA,NA
NA,NA,"zim/zam",NA,NA
NA,NA,"zim/zam",NA,NA
NA,NA,"zim/zam",NA,NA
NA,NA,"zim/zam",NA,NA
NA,NA,"zim/zam",NA,NA
NA,NA,"zim/zam",NA,NA
NA,NA,"zim/zam",NA,NA
NA,NA,"zim/zam",NA,NA
NA,NA,"zim/zam",NA,NA
NA,NA,"zim/zam",NA,NA
NA,NA,"zim/zam",NA,NA
NA,NA,"zim/zam",NA,NA
NA,NA,"zim/zam",NA,NA
NA,NA,"zim/zam",NA,NA
NA,NA,"zim/zam",NA,NA
NA,NA,"zim/zam",NA,NA
NA,NA,"zim/zam",NA,NA
NA,NA,"zim/zam",NA,NA
NA,NA,"zim/zam",NA,NA
NA,NA,"zim/zam",NA,NA
NA,NA,"zim/zam",NA,NA
NA,NA,"zim/zam",NA,NA
NA,NA,"zim/zam",NA,NA
NA,NA,"zim/zam",NA,NA
NA,NA,"zim/zam",NA,NA
NA,NA,"zim/zam",NA,NA
NA,NA,"zim/zam",NA,NA
NA,NA,"zim/zam",NA,NA
NA,NA,"zim/zam",NA,NA
NA,NA,"zim/zam",NA,NA
NA,NA,"zim/zam",NA,NA
NA,NA,"zim/zam",NA,NA
NA,NA,"zim/zam",NA,NA
NA,NA,"zim/zam",NA,NA
NA,NA,"zim/zam",NA,NA
NA,NA,"zim/zam",NA,NA
NA,NA,"zim/zam",NA,NA
NA,NA,"zim/zam",NA,NA
NA,NA,"zim/zam",NA,NA
NA,NA,"zim/zam",NA,NA
NA,NA,"zim/zam",NA,NA
NA,NA,"zim/zam",NA,NA
NA,NA,"zim/zam",NA,NA
NA,NA,"zim/zam",NA,NA
NA,NA,"zim/zam",NA,NA
NA,NA,"zim/zam",NA,NA
NA,NA,"zim/zam",NA,NA
NA,NA,"zim/zam",NA,NA
