"participant_id","facility_id","country","std_poct_results","dbspoct_test_results","ief_test_results"
"NBS/BXZ10A","BMC-TZ","tanzania","AA","AA","FA"
"NBS/BXZ100","BMC-TZ","tanzania","AA","AA","FA"
"NBS/BXZ101","BMC-TZ","tanzania","AA","AA","FA"
"NBS/BXZ102","BMC-TZ","tanzania","AA","AA","FA"
"NBS/BXZ103","BMC-TZ","tanzania","AA","AA","FA"
"NBS/BXZ104","BMC-TZ","tanzania","AS","AS","FAS"
"NBS/BXZ105","BMC-TZ","tanzania","AA","AA","FA"
"NBS/BXZ106","BMC-TZ","tanzania","AA","AA","FA"
"NBS/BXZ107","BMC-TZ","tanzania","AA","AA","FA"
"NBS/BXZ108","BMC-TZ","tanzania","AA","SS","FS"
"NBS/BXZ109","BMC-TZ","tanzania","SS","AA","FA"
"NBS/BXZ10B","BMC-TZ","tanzania","AA","AA","FA"
"NBS/BXZ10C","BMC-TZ","tanzania","AA","AA","FA"
"NBS/BXZ10D","BMC-TZ","tanzania","AA","AA","FA"
"NBS/BXZ10E","BMC-TZ","tanzania","AA","AA","FA"
"NBS/BXZ10F","BMC-TZ","tanzania","AS","AS","FAS"
"NBS/BXZ10G","BMC-TZ","tanzania","AA","AA","FA"
"NBS/BXZ10H","BMC-TZ","tanzania","AA","AA","FA"
"NBS/BXZ10I","BMC-TZ","tanzania","AA","AA","FA"
"NBS/BXZ10J","BMC-TZ","tanzania","AA","AA","FA"
"NBS/BXZ10K","BMC-TZ","tanzania","AA","AA","FA"
"NBS/BXZ10L","BMC-TZ","tanzania","AS","AS","FAS"
"NBS/BXZ10M","BMC-TZ","tanzania","AA","AS","FAS"
"NBS/BXZ10N","BMC-TZ","tanzania","AA","AA","FA"
"NBS/BXZ10P","BMC-TZ","tanzania","AA","AA","FA"
"NBS/BXZ10Q","BMC-TZ","tanzania","AA","AA","FA"
"NBS/BXZ10R","BMC-TZ","tanzania","AA","AA","FA"
"NBS/BXZ10S","BMC-TZ","tanzania","AA","AA","FA"
"NBS/BXZ10T","BMC-TZ","tanzania","AA","AA","FA"
"NBS/BXZ10U","BMC-TZ","tanzania","AA","AA","FA"
"NBS/BXZ10V","BMC-TZ","tanzania","AA","AA","FA"
"NBS/BXZ10W","BMC-TZ","tanzania","AA","AA","FA"
"NBS/BXZ10X","BMC-TZ","tanzania","AA","AA","FA"
"NBX/BXZ10Y","BMC-TZ","tanzania","AS","AS","FAS"
"NBS/BXZ10Z","BMC-TZ","tanzania","AA","AA","FA"
"NBS/BXZ110","BMC-TZ","tanzania","AA","AA","FA"
"NBS/BXZ111","BMC-TZ","tanzania","AA","AA","FA"
"NBS/BXZ112","BMC-TZ","tanzania","AA","AA","FA"
"NBS/BXZ113","BMC-TZ","tanzania","AA","AA","FA"
"NBS/BXZ114","BMC-TZ","tanzania","AA","AA","FA"
"NBS/BXZ115","BMC-TZ","tanzania","AA","AA","FA"
"NBS/BXZ116","BMC-TZ","tanzania","AA","AA","FA"
"NBS/BXZ117","BMC-TZ","tanzania","AA","AA","FA"
"NBS/BXZ118","BMC-TZ","tanzania","AA","AA","FA"
"NBS/BXZ119","BMC-TZ","tanzania","AA","AA","FA"
"NBS/BXZ11A","BMC-TZ","tanzania","AA","AA","FA"
"NBS/BXZ11B","BMC-TZ","tanzania","AA","AA","FA"
"NBS/BXZ11C","BMC-TZ","tanzania","AA","AA","FA"
"NBS/BXZ11D","BMC-TZ","tanzania","AA","AA","FA"
"NBS/BXZ11E","BMC-TZ","tanzania","AA","AA","FA"
"NBS/BXZ11G","BMC-TZ","tanzania","AA","AA","FA"
"NBS/BXZ11F","BMC-TZ","tanzania","AA",NA,NA
"NBS/BXZ11H","BMC-TZ","tanzania","AA","AA","FA"
"NBS/BXZ11J","BMC-TZ","tanzania","AC","AS","FAS"
"NBS/BXZ11K","BMC-TZ","tanzania","AA","AA","FA"
"NBS/BXZ11L","BMC-TZ","tanzania","AA","AA","FA"
"NBS/BXZ11L","BMC-TZ","tanzania","AA","AA","FA"
"NBS/BXZ11N","BMC-TZ","tanzania","AA","AA","FA"
"NBS/BXZ11I","BMC-TZ","tanzania","AA",NA,NA
"NBS/BXZ11P","BMC-TZ","tanzania","AA","AA","FA"
"NBS/BXZ11Q","BMC-TZ","tanzania","AA","AA","FA"
"NBS/BXZ11R","BMC-TZ","tanzania","AS","AS","FAS"
"NBS/BXZ11S","BMC-TZ","tanzania","AA","AA","FA"
"NBS/BXZ11T","BMC-TZ","tanzania","AA","AA","FA"
"NBS/BXZ11U","BMC-TZ","tanzania","AA","AA","FA"
"NBS/BXZ11V","BMC-TZ","tanzania","AA","AS","FAS"
"NBS/BXZ11W","BMC-TZ","tanzania","AA","AA","FA"
"NBS/BXZ11X","BMC-TZ","tanzania","AA","AS","FAS"
"NBS/BXZ11Y","BMC-TZ","tanzania","AA","AA","FA"
"NBS/BXZ11Z","BMC-TZ","tanzania","AA","AA","FA"
"NBS/BXZ120","BMC-TZ","tanzania","AA","AA","FA"
"NBS/BXZ121","BMC-TZ","tanzania","AS","AS","FA"
"NBS/BXZ122","BMC-TZ","tanzania","AA","AA","FA"
"NBS/BXZ123","BMC-TZ","tanzania","AA","AS","FAS"
"NBS/BXZ124","BMC-TZ","tanzania","AA","AA","FA"
"NBS/BXZ125","BMC-TZ","tanzania","AS","AS","FAS"
"NBS/BXZ126","BMC-TZ","tanzania","AA","AA","FA"
"NBS/BXZ127","BMC-TZ","tanzania","AA","AA","FA"
"NBS/BXZ128","BMC-TZ","tanzania","AS","AS","FAS"
"NBS/BXZ129","BMC-TZ","tanzania","AA","AA","FA"
"NBS/BXZ12A","BMC-TZ","tanzania","AA","AA","FA"
"NBS/BXZ12B","BMC-TZ","tanzania","AA","AA","FA"
"NBS/BXZ12C","BMC-TZ","tanzania","AS","AS","FAS"
"NBS/BXZ12D","BMC-TZ","tanzania","AS","AA","FA"
"NBS/BXZ12E","BMC-TZ","tanzania","AA","AA","FA"
"NBS/BXZ12F","BMC-TZ","tanzania","AA","AA","FA"
"NBS/BXZ12G","BMC-TZ","tanzania","AA","AA","FA"
"NBS/BXZ12H","BMC-TZ","tanzania","AA","AA","FA"
"NBS/BXZ12I","BMC-TZ","tanzania","AA","AA","FA"
"NBS/BXZ12J","BMC-TZ","tanzania","AA","AA","FA"
"NBS/BXZ12K","BMC-TZ","tanzania","AA","AA","FA"
"NBS/BXZ12L","BMC-TZ","tanzania","AA","AA","FA"
"NBS/BXZ12M","BMC-TZ","tanzania","AS","AS","FAS"
"NBS/BXZ12N","BMC-TZ","tanzania","AA","AA","FA"
"NBS/BXZ12P","BMC-TZ","tanzania","AS","SS","FS"
"NBS/BXZ12Q","BMC-TZ","tanzania","AA","AA","FA"
"NBS/BXZ12R","BMC-TZ","tanzania","AS",NA,NA
"NBS/BXZ12S","BMC-TZ","tanzania","AA","AA","FA"
"NBS/BXZ12T","BMC-TZ","tanzania","Indeterminate","AA","FA"
"NBS/BXZ12U","BMC-TZ","tanzania","AS","AA","FA"
