"participant_id","facility_id","country","results_poct","results_dbs","results_ief","results_hplc","results_mol"
"1455-1","PAIK","nigeria","AA","AA","FA",NA,NA
"1455-2","GWAR","nigeria","AA","AA","FA",NA,NA
"1455-3","PAIK","nigeria","AA","AA","FA",NA,NA
"1455-4","GWAR","nigeria","AA","AA","FA",NA,NA
"1455-5","PAIK","nigeria","AA","AA","FA",NA,NA
"1455-6","GWAR","nigeria","SS","SS","FS",NA,NA
"1455-7","PAIK","nigeria","AA","AA","FA",NA,NA
"1455-8","PAIK","nigeria","AA","AA","FA",NA,NA
"1455-9","GWAR","nigeria","AA","AA","FAC",NA,NA
"1455-10","PAIK","nigeria","AA","AA","FA",NA,NA
"1455-11","GWAR","nigeria","AS","AS","FAS",NA,NA
"1455-12","PAIK","nigeria","AA","AA","FA",NA,NA
"1455-13","GIRI","nigeria","AS","AS","FAS",NA,NA
"1455-14","PAIK","nigeria","AA","AA","FA",NA,NA
"1455-15","GWAR","nigeria","AA","AA","FA",NA,NA
"1455-16","GIRI","nigeria","AA","AA","FA",NA,NA
"1455-17","GWAR","nigeria","AA","AA","FA",NA,NA
"1455-18","PAIK","nigeria","AA","AA","FA",NA,NA
"1455-19","PAIK","nigeria","AA","AA","FA",NA,NA
"1455-20","GWAR","nigeria","AS","AS","FAS",NA,NA
"1455-21","GWAR","nigeria","AS","AS","FAS",NA,NA
"1455-22","PAIK","nigeria","AA","AA","FA",NA,NA
"1455-23","GWAR","nigeria","AS","AS","FAS",NA,NA
"1455-24","PAIK","nigeria","AA","AA","FA",NA,NA
"1455-25","GWAR","nigeria","AS","AS","FAS",NA,NA
"1455-26","PAIK","nigeria","AA","AA","FA",NA,NA
"1455-27","GWAR","nigeria","AA","AA","FA",NA,NA
"1455-28","PAIK","nigeria","AA","AA","FA",NA,NA
"1455-29","GWAR","nigeria","AA","AA","FA",NA,NA
"1455-30","PAIK","nigeria","AA","AA","FA",NA,NA
"1455-31","PAIK","nigeria","AA","AA","FA",NA,NA
"1455-32","GWAR","nigeria","AS","AS","FAS",NA,NA
"1455-33","GWAR","nigeria","AA","AA","FA",NA,NA
"1455-34","PAIK","nigeria","AA","AA","FA",NA,NA
"1455-35","PAIK","nigeria","AA","AA","FA",NA,NA
"1455-36","PAIK","nigeria","AA","AA","FA",NA,NA
"1455-37","GWAR","nigeria","AA","AA","FAC",NA,NA
"1455-38","PAIK","nigeria","AA","AA","FA",NA,NA
"1455-39","PAIK","nigeria","AA","AA","FA",NA,NA
"1455-40","GIRI","nigeria","AA","AA","FA",NA,NA
"1455-41","GIRI","nigeria","AA","AA","FA",NA,NA
"1455-42","GIRI","nigeria","AA","AA","FA",NA,NA
"1455-43","GIRI","nigeria","AA","AA","FA",NA,NA
"1455-44","GIRI","nigeria","AA","AA","FA",NA,NA
"1455-45","GIRI","nigeria","AA","AA","FA",NA,NA
"1455-46","GIRI","nigeria","AA","AA","FA",NA,NA
"1455-47","GIRI","nigeria","AA","AA","FA",NA,NA
"1455-48","GIRI","nigeria","AS","AS","FAS",NA,NA
"1455-49","GIRI","nigeria","AA","AA","FA",NA,NA
"1455-50","UATH","nigeria","AA","AA","FA",NA,NA
"1455-51","UATH","nigeria","AA","AA","FA",NA,NA
"1455-52","GIRI","nigeria","AS","AS","FAS",NA,NA
"1455-53","GIRI","nigeria","AS","AS","FAS",NA,NA
"1455-54","GIRI","nigeria","SS","SS","FS",NA,NA
"1455-55","GIRI","nigeria","AS","AS","FAS",NA,NA
"1455-56","GIRI","nigeria","AA","AA","FA",NA,NA
"1455-57","GIRI","nigeria","AS","AS","FAS",NA,NA
"1455-58","GIRI","nigeria","AA","AA","FA",NA,NA
"1455-59","GIRI","nigeria","AA","AA","FA",NA,NA
"1455-60","GIRI","nigeria","AA","AA","FA",NA,NA
"1455-61","GIRI","nigeria","AA","AA","FA",NA,NA
"1455-62","UATH","nigeria","AS","AS","FAS",NA,NA
"1455-63","UATH","nigeria","AA","AA","FA",NA,NA
"1455-64","GIRI","nigeria","AA","AA","FA",NA,NA
"1455-65","GIRI","nigeria","AA","AA","FA",NA,NA
"1455-66","GIRI","nigeria","AA","AA","FA",NA,NA
"1455-67","GIRI","nigeria","AA","AA","FA",NA,NA
"1455-68","GIRI","nigeria","AA","AA","FA",NA,NA
"1455-69","UATH","nigeria","AA","AA","FA",NA,NA
"1455-70","UATH","nigeria","AA","AA","FA",NA,NA
"1455-71","UATH","nigeria","AA","AA","FA",NA,NA
"1455-72","UATH","nigeria","AA","AA","FA",NA,NA
"1455-73","UATH","nigeria","AA","AA","FA",NA,NA
"1455-74","UATH","nigeria","AA","AA","FA",NA,NA
"1455-75","UATH","nigeria","AA","AA","FA",NA,NA
"1455-76","UATH","nigeria","AA","AA","FA",NA,NA
"1455-77","UATH","nigeria","AA","AA","FA",NA,NA
"1455-78","UATH","nigeria","AA","AA","FA",NA,NA
"1455-79","PAIK","nigeria","AA","AA","FA",NA,NA
"1455-80","GIRI","nigeria","AS","AS","FAS",NA,NA
"1455-81","GIRI","nigeria","AA","AA","FA",NA,NA
"1455-82","PAIK","nigeria","AA","AA","FA",NA,NA
"1455-83","PAIK","nigeria","AA","AA","FA",NA,NA
"1455-84","PAIK","nigeria","AA","AA","FA",NA,NA
"1455-85","PAIK","nigeria","AA","AA","FA",NA,NA
"1455-86","PAIK","nigeria","AA","AA","FA",NA,NA
"1455-87","GIRI","nigeria","AA","AA","FA",NA,NA
"1455-88","GIRI","nigeria","AS","AS","FAS",NA,NA
"1455-89","GIRI","nigeria","AS","AS","FAS",NA,NA
"1455-90","GIRI","nigeria","AS","AS","FAS",NA,NA
"1455-91","GIRI","nigeria","AA","AA","FA",NA,NA
"1455-92","GIRI","nigeria","AS","AS","FAS",NA,NA
"1455-93","GIRI","nigeria","AA","AA","FA",NA,NA
"1455-94","GIRI","nigeria","AA","AA","FA",NA,NA
"1455-95","GIRI","nigeria","AS","AS","FAS",NA,NA
"1455-96","GIRI","nigeria","AS","AS","FAS",NA,NA
"1455-97","GIRI","nigeria","AS","AS","FAS",NA,NA
"1455-98","GIRI","nigeria","AA","AA","FA",NA,NA
"1455-99","GIRI","nigeria","AA","AA","FA",NA,NA
"1455-100","GIRI","nigeria","AS","AS","FAS",NA,NA
